player_name,dg_id,country,am,primary_tour,datagolf_rank,owgr_rank,dg_skill_estimate,last_updated,notes
"Scheffler, Scottie",18417,USA,0,PGA,1,1,2.74524232351208,2025-02-10 13:05:40 UTC,anyone ranked outside top 500 in OWGR appear as 501
"McIlroy, Rory",10091,NIR,0,PGA,2,3,2.16675691510634,2025-02-10 13:05:40 UTC,anyone ranked outside top 500 in OWGR appear as 501
"Schauffele, Xander",19895,USA,0,PGA,3,2,2.03712520030267,2025-02-10 13:05:40 UTC,anyone ranked outside top 500 in OWGR appear as 501
"Rahm, Jon",19195,ESP,0,LIV,4,49,1.89628964107719,2025-02-10 13:05:40 UTC,anyone ranked outside top 500 in OWGR appear as 501
"Morikawa, Collin",22085,USA,0,PGA,5,4,1.85305081459612,2025-02-10 13:05:40 UTC,anyone ranked outside top 500 in OWGR appear as 501
"Hatton, Tyrrell",14796,ENG,0,EURO,6,8,1.76969861130472,2025-02-10 13:05:40 UTC,anyone ranked outside top 500 in OWGR appear as 501
"Thomas, Justin",14139,USA,0,PGA,7,11,1.61605891399091,2025-02-10 13:05:40 UTC,anyone ranked outside top 500 in OWGR appear as 501
"Matsuyama, Hideki",13562,JPN,0,PGA,8,5,1.59322737876165,2025-02-10 13:05:40 UTC,anyone ranked outside top 500 in OWGR appear as 501
"Henley, Russell",14578,USA,0,PGA,9,16,1.47519568070646,2025-02-10 13:05:40 UTC,anyone ranked outside top 500 in OWGR appear as 501
"DeChambeau, Bryson",19841,USA,0,LIV,10,10,1.45829103756805,2025-02-10 13:05:40 UTC,anyone ranked outside top 500 in OWGR appear as 501
"Fleetwood, Tommy",12294,ENG,0,PGA,11,12,1.43838956576912,2025-02-10 13:05:40 UTC,anyone ranked outside top 500 in OWGR appear as 501
"Cantlay, Patrick",15466,USA,0,PGA,12,15,1.4174726139852,2025-02-10 13:05:40 UTC,anyone ranked outside top 500 in OWGR appear as 501
"Im, Sungjae",17488,KOR,0,PGA,13,21,1.36916900696119,2025-02-10 13:05:40 UTC,anyone ranked outside top 500 in OWGR appear as 501
"Lowry, Shane",13900,IRL,0,PGA,14,18,1.34873313492815,2025-02-10 13:05:40 UTC,anyone ranked outside top 500 in OWGR appear as 501
"Straka, Sepp",17511,AUT,0,PGA,15,17,1.2427448966588,2025-02-10 13:05:40 UTC,anyone ranked outside top 500 in OWGR appear as 501
"Aberg, Ludvig",23950,SWE,0,PGA,16,6,1.23917334325053,2025-02-10 13:05:40 UTC,anyone ranked outside top 500 in OWGR appear as 501
"Burns, Sam",19483,USA,0,PGA,17,25,1.22690556535038,2025-02-10 13:05:40 UTC,anyone ranked outside top 500 in OWGR appear as 501
"Niemann, Joaquin",18079,CHI,0,LIV,18,74,1.22318682967228,2025-02-10 13:05:40 UTC,anyone ranked outside top 500 in OWGR appear as 501
"Pendrith, Taylor",17780,CAN,0,PGA,19,38,1.18098301671801,2025-02-10 13:05:40 UTC,anyone ranked outside top 500 in OWGR appear as 501
"MacIntyre, Robert",23323,SCO,0,PGA,20,14,1.15610660806273,2025-02-10 13:05:40 UTC,anyone ranked outside top 500 in OWGR appear as 501
"Hojgaard, Rasmus",23838,DEN,0,EURO,21,39,1.14654561622153,2025-02-10 13:05:40 UTC,anyone ranked outside top 500 in OWGR appear as 501
"Kim, Tom",24766,KOR,0,PGA,22,23,1.05312771774498,2025-02-10 13:05:40 UTC,anyone ranked outside top 500 in OWGR appear as 501
"Hovland, Viktor",18841,NOR,0,PGA,23,9,1.04736077100759,2025-02-10 13:05:40 UTC,anyone ranked outside top 500 in OWGR appear as 501
"Finau, Tony",11676,USA,0,PGA,24,30,1.04716813955599,2025-02-10 13:05:40 UTC,anyone ranked outside top 500 in OWGR appear as 501
"Day, Jason",9771,AUS,0,PGA,25,32,1.0104206338065,2025-02-10 13:05:40 UTC,anyone ranked outside top 500 in OWGR appear as 501
"Scott, Adam",6430,AUS,0,PGA,26,24,0.991639827338187,2025-02-10 13:05:40 UTC,anyone ranked outside top 500 in OWGR appear as 501
"McNealy, Maverick",18634,USA,0,PGA,27,26,0.971716941422495,2025-02-10 13:05:40 UTC,anyone ranked outside top 500 in OWGR appear as 501
"Detry, Thomas",14181,BEL,0,PGA,28,22,0.958967855700165,2025-02-10 13:05:40 UTC,anyone ranked outside top 500 in OWGR appear as 501
"Bradley, Keegan",13872,USA,0,PGA,29,13,0.95560487864801,2025-02-10 13:05:40 UTC,anyone ranked outside top 500 in OWGR appear as 501
"Noren, Alex",10419,SWE,0,PGA,30,61,0.947696079547846,2025-02-10 13:05:40 UTC,anyone ranked outside top 500 in OWGR appear as 501
"Kim, Si Woo",14609,KOR,0,PGA,31,66,0.898038144295787,2025-02-10 13:05:40 UTC,anyone ranked outside top 500 in OWGR appear as 501
"Poston, J.T.",21554,USA,0,PGA,32,40,0.874849592848627,2025-02-10 13:05:40 UTC,anyone ranked outside top 500 in OWGR appear as 501
"Conners, Corey",17576,CAN,0,PGA,33,48,0.870815894230494,2025-02-10 13:05:40 UTC,anyone ranked outside top 500 in OWGR appear as 501
"McCarthy, Denny",19870,USA,0,PGA,34,50,0.866913758775711,2025-02-10 13:05:40 UTC,anyone ranked outside top 500 in OWGR appear as 501
"Garcia, Sergio",5689,ESP,0,LIV,35,483,0.848909376411092,2025-02-10 13:05:40 UTC,anyone ranked outside top 500 in OWGR appear as 501
"Greyserman, Max",23465,USA,0,PGA,36,34,0.844670544304468,2025-02-10 13:05:40 UTC,anyone ranked outside top 500 in OWGR appear as 501
"Bhatia, Akshay",26096,USA,0,PGA,37,31,0.84255296692195,2025-02-10 13:05:40 UTC,anyone ranked outside top 500 in OWGR appear as 501
"Lee, Min Woo",16841,AUS,0,PGA,38,53,0.820626513633868,2025-02-10 13:05:40 UTC,anyone ranked outside top 500 in OWGR appear as 501
"Bezuidenhout, Christiaan",18103,RSA,0,PGA,39,51,0.798470799609939,2025-02-10 13:05:40 UTC,anyone ranked outside top 500 in OWGR appear as 501
"Rai, Aaron",18554,ENG,0,PGA,40,27,0.796433585903084,2025-02-10 13:05:40 UTC,anyone ranked outside top 500 in OWGR appear as 501
"Hall, Harry",27194,ENG,0,PGA,41,88,0.778295681290238,2025-02-10 13:05:40 UTC,anyone ranked outside top 500 in OWGR appear as 501
"An, Byeong Hun",14459,KOR,0,PGA,42,29,0.763470407586559,2025-02-10 13:05:40 UTC,anyone ranked outside top 500 in OWGR appear as 501
"Spaun, J.J.",17536,USA,0,PGA,43,80,0.739904631919256,2025-02-10 13:05:40 UTC,anyone ranked outside top 500 in OWGR appear as 501
"Thompson, Davis",27364,USA,0,PGA,44,52,0.717461272331223,2025-02-10 13:05:40 UTC,anyone ranked outside top 500 in OWGR appear as 501
"Glover, Lucas",7399,USA,0,PGA,45,43,0.709465759219002,2025-02-10 13:05:40 UTC,anyone ranked outside top 500 in OWGR appear as 501
"Kitayama, Kurt",21891,USA,0,PGA,46,84,0.702344749744576,2025-02-10 13:05:40 UTC,anyone ranked outside top 500 in OWGR appear as 501
"Griffin, Ben",24968,USA,0,PGA,47,64,0.675880836970899,2025-02-10 13:05:40 UTC,anyone ranked outside top 500 in OWGR appear as 501
"Stevens, Samuel",25569,USA,0,PGA,48,76,0.674187875881544,2025-02-10 13:05:40 UTC,anyone ranked outside top 500 in OWGR appear as 501
"Clark, Wyndham",23604,USA,0,PGA,49,7,0.665573383994191,2025-02-10 13:05:40 UTC,anyone ranked outside top 500 in OWGR appear as 501
"Horschel, Billy",11276,USA,0,PGA,50,20,0.661755736024511,2025-02-10 13:05:40 UTC,anyone ranked outside top 500 in OWGR appear as 501
"Fitzpatrick, Matt",17646,ENG,0,PGA,51,57,0.645291789445842,2025-02-10 13:05:40 UTC,anyone ranked outside top 500 in OWGR appear as 501
"Zalatoris, Will",19428,USA,0,PGA,52,68,0.643324754883955,2025-02-10 13:05:40 UTC,anyone ranked outside top 500 in OWGR appear as 501
"Theegala, Sahith",23014,USA,0,PGA,53,19,0.6406843302899,2025-02-10 13:05:40 UTC,anyone ranked outside top 500 in OWGR appear as 501
"Davis, Cameron",17786,AUS,0,PGA,54,45,0.623375363739324,2025-02-10 13:05:40 UTC,anyone ranked outside top 500 in OWGR appear as 501
"Koepka, Brooks",16243,USA,0,LIV,55,142,0.618593216548697,2025-02-10 13:05:40 UTC,anyone ranked outside top 500 in OWGR appear as 501
"Puig, David",28984,ESP,0,LIV,56,81,0.604071160888148,2025-02-10 13:05:40 UTC,anyone ranked outside top 500 in OWGR appear as 501
"Eckroat, Austin",26653,USA,0,PGA,57,42,0.600402159834678,2025-02-10 13:05:40 UTC,anyone ranked outside top 500 in OWGR appear as 501
"Hughes, Mackenzie",15556,CAN,0,PGA,58,63,0.599308901821631,2025-02-10 13:05:40 UTC,anyone ranked outside top 500 in OWGR appear as 501
"Leishman, Marc",7649,AUS,0,LIV,59,427,0.596787183313077,2025-02-10 13:05:40 UTC,anyone ranked outside top 500 in OWGR appear as 501
"Oosthuizen, Louis",7672,RSA,0,LIV,60,229,0.588472287191497,2025-02-10 13:05:40 UTC,anyone ranked outside top 500 in OWGR appear as 501
"Hossler, Beau",15470,USA,0,PGA,61,78,0.584854022927004,2025-02-10 13:05:40 UTC,anyone ranked outside top 500 in OWGR appear as 501
"Moore, Taylor",21944,USA,0,PGA,62,75,0.575448254745231,2025-02-10 13:05:40 UTC,anyone ranked outside top 500 in OWGR appear as 501
"Burmester, Dean",14424,RSA,0,LIV,63,129,0.566176234449107,2025-02-10 13:05:40 UTC,anyone ranked outside top 500 in OWGR appear as 501
"Berger, Daniel",17606,USA,0,PGA,64,59,0.565227147036227,2025-02-10 13:05:40 UTC,anyone ranked outside top 500 in OWGR appear as 501
"Smith, Cameron",15856,AUS,0,LIV,65,94,0.565042667564766,2025-02-10 13:05:40 UTC,anyone ranked outside top 500 in OWGR appear as 501
"Putnam, Andrew",14704,USA,0,PGA,66,143,0.529102066658173,2025-02-10 13:05:40 UTC,anyone ranked outside top 500 in OWGR appear as 501
"Munoz, Sebastian",20770,COL,0,LIV,67,501,0.526649199850494,2025-02-10 13:05:40 UTC,anyone ranked outside top 500 in OWGR appear as 501
"Harman, Brian",8825,USA,0,PGA,68,37,0.525568045439928,2025-02-10 13:05:40 UTC,anyone ranked outside top 500 in OWGR appear as 501
"Power, Seamus",10104,IRL,0,PGA,69,124,0.519948738603937,2025-02-10 13:05:40 UTC,anyone ranked outside top 500 in OWGR appear as 501
"Young, Cameron",26651,USA,0,PGA,70,44,0.515629144430239,2025-02-10 13:05:40 UTC,anyone ranked outside top 500 in OWGR appear as 501
"Kim, Michael",17543,USA,0,PGA,71,86,0.500672105823013,2025-02-10 13:05:40 UTC,anyone ranked outside top 500 in OWGR appear as 501
"Kuchar, Matt",6169,USA,0,PGA,72,127,0.500428824724544,2025-02-10 13:05:40 UTC,anyone ranked outside top 500 in OWGR appear as 501
"Reed, Patrick",14838,USA,0,EURO,73,117,0.497430131466599,2025-02-10 13:05:40 UTC,anyone ranked outside top 500 in OWGR appear as 501
"Mitchell, Keith",17365,USA,0,PGA,74,97,0.49609770697967,2025-02-10 13:05:40 UTC,anyone ranked outside top 500 in OWGR appear as 501
"Jaeger, Stephan",16394,GER,0,PGA,75,47,0.496082106817605,2025-02-10 13:05:40 UTC,anyone ranked outside top 500 in OWGR appear as 501
"Hodges, Lee",25157,USA,0,PGA,76,83,0.489279587593522,2025-02-10 13:05:40 UTC,anyone ranked outside top 500 in OWGR appear as 501
"Taylor, Nick",13126,CAN,0,PGA,77,28,0.487894982419113,2025-02-10 13:05:40 UTC,anyone ranked outside top 500 in OWGR appear as 501
"Woodland, Gary",12577,USA,0,PGA,78,169,0.483198944162605,2025-02-10 13:05:40 UTC,anyone ranked outside top 500 in OWGR appear as 501
"Novak, Andrew",23475,USA,0,PGA,79,79,0.477624650133021,2025-02-10 13:05:40 UTC,anyone ranked outside top 500 in OWGR appear as 501
"Ancer, Abraham",18238,MEX,0,LIV,80,453,0.464511043998108,2025-02-10 13:05:40 UTC,anyone ranked outside top 500 in OWGR appear as 501
"Canter, Laurie",14795,ENG,0,EURO,81,54,0.463961389338934,2025-02-10 13:05:40 UTC,anyone ranked outside top 500 in OWGR appear as 501
"Olesen, Thorbjorn",13412,DEN,0,EURO,82,77,0.461908167194385,2025-02-10 13:05:40 UTC,anyone ranked outside top 500 in OWGR appear as 501
"Wallace, Matt",20706,ENG,0,EURO,83,73,0.46119452829731,2025-02-10 13:05:40 UTC,anyone ranked outside top 500 in OWGR appear as 501
"Lower, Justin",17723,USA,0,PGA,84,82,0.457899341830448,2025-02-10 13:05:40 UTC,anyone ranked outside top 500 in OWGR appear as 501
"Spieth, Jordan",14636,USA,0,PGA,85,65,0.443442258872872,2025-02-10 13:05:40 UTC,anyone ranked outside top 500 in OWGR appear as 501
"English, Harris",14577,USA,0,PGA,86,35,0.442774589568172,2025-02-10 13:05:40 UTC,anyone ranked outside top 500 in OWGR appear as 501
"Fishburn, Patrick",25094,USA,0,PGA,87,109,0.432355293136668,2025-02-10 13:05:40 UTC,anyone ranked outside top 500 in OWGR appear as 501
"Norgaard, Niklas",15676,DEN,0,EURO,88,90,0.414196340142233,2025-02-10 13:05:40 UTC,anyone ranked outside top 500 in OWGR appear as 501
"Vegas, Jhonattan",13508,VEN,0,PGA,89,62,0.407742058512802,2025-02-10 13:05:40 UTC,anyone ranked outside top 500 in OWGR appear as 501
"Casey, Paul",7108,ENG,0,LIV,90,501,0.399433851725433,2025-02-10 13:05:40 UTC,anyone ranked outside top 500 in OWGR appear as 501
"Fowler, Rickie",12965,USA,0,PGA,91,91,0.383792665594955,2025-02-10 13:05:40 UTC,anyone ranked outside top 500 in OWGR appear as 501
"Ghim, Doug",24550,USA,0,PGA,92,101,0.372721931534404,2025-02-10 13:05:40 UTC,anyone ranked outside top 500 in OWGR appear as 501
"Neergaard-Petersen, Rasmus",23841,DEN,0,EURO,93,85,0.371893239502183,2025-02-10 13:05:40 UTC,anyone ranked outside top 500 in OWGR appear as 501
"Hoge, Tom",15575,USA,0,PGA,94,69,0.368315201595801,2025-02-10 13:05:40 UTC,anyone ranked outside top 500 in OWGR appear as 501
"Herbert, Lucas",17064,AUS,0,LIV,95,251,0.362350946973118,2025-02-10 13:05:40 UTC,anyone ranked outside top 500 in OWGR appear as 501
"Tringale, Cameron",14013,USA,0,LIV,96,501,0.346682752176878,2025-02-10 13:05:40 UTC,anyone ranked outside top 500 in OWGR appear as 501
"Mckibbin, Tom",22322,NIR,0,EURO,97,112,0.342768275436904,2025-02-10 13:05:40 UTC,anyone ranked outside top 500 in OWGR appear as 501
"Meissner, Mac",28159,USA,0,PGA,98,152,0.340540614301987,2025-02-10 13:05:40 UTC,anyone ranked outside top 500 in OWGR appear as 501
"Hadwin, Adam",13965,CAN,0,PGA,99,67,0.325837506374337,2025-02-10 13:05:40 UTC,anyone ranked outside top 500 in OWGR appear as 501
"Smith, Jordan",18586,ENG,0,EURO,100,99,0.325488652165565,2025-02-10 13:05:40 UTC,anyone ranked outside top 500 in OWGR appear as 501
"Smalley, Alex",18474,USA,0,PGA,101,150,0.32201945972474,2025-02-10 13:05:40 UTC,anyone ranked outside top 500 in OWGR appear as 501
"Pan, C.T.",15475,TPE,0,PGA,102,114,0.316536165067181,2025-02-10 13:05:40 UTC,anyone ranked outside top 500 in OWGR appear as 501
"Dunlap, Nick",28270,USA,0,PGA,103,33,0.306202043132121,2025-02-10 13:05:40 UTC,anyone ranked outside top 500 in OWGR appear as 501
"Cole, Eric",21756,USA,0,PGA,104,58,0.297652890629958,2025-02-10 13:05:40 UTC,anyone ranked outside top 500 in OWGR appear as 501
"Clanton, Luke",32330,USA,1,PGA,105,93,0.291490137701848,2025-02-10 13:05:40 UTC,anyone ranked outside top 500 in OWGR appear as 501
"Norris, Shaun",7677,RSA,0,JPN,106,106,0.290117858833858,2025-02-10 13:05:40 UTC,anyone ranked outside top 500 in OWGR appear as 501
"Rodgers, Patrick",16283,USA,0,PGA,107,108,0.264855882287486,2025-02-10 13:05:40 UTC,anyone ranked outside top 500 in OWGR appear as 501
"Manassero, Matteo",11460,ITA,0,EURO,108,100,0.25789437108207,2025-02-10 13:05:40 UTC,anyone ranked outside top 500 in OWGR appear as 501
"Bridgeman, Jacob",29433,USA,0,PGA,109,201,0.253593549431661,2025-02-10 13:05:40 UTC,anyone ranked outside top 500 in OWGR appear as 501
"Keefer, Johnny",32457,USA,0,PTA,110,159,0.252800623431629,2025-02-10 13:05:40 UTC,anyone ranked outside top 500 in OWGR appear as 501
"Svensson, Adam",13997,CAN,0,PGA,111,141,0.249817829655174,2025-02-10 13:05:40 UTC,anyone ranked outside top 500 in OWGR appear as 501
"Kanaya, Takumi",19729,JPN,0,JPN,112,156,0.243635480721937,2025-02-10 13:05:40 UTC,anyone ranked outside top 500 in OWGR appear as 501
"Rose, Justin",6093,ENG,0,PGA,113,36,0.240659391490066,2025-02-10 13:05:40 UTC,anyone ranked outside top 500 in OWGR appear as 501
"Gerard, Ryan",29767,USA,0,KFT,114,194,0.229317424413877,2025-02-10 13:05:40 UTC,anyone ranked outside top 500 in OWGR appear as 501
"Homa, Max",17538,USA,0,PGA,115,60,0.221835181513422,2025-02-10 13:05:40 UTC,anyone ranked outside top 500 in OWGR appear as 501
"Cauley, Bud",14502,USA,0,PGA,116,248,0.220299671245812,2025-02-10 13:05:40 UTC,anyone ranked outside top 500 in OWGR appear as 501
"Hoffman, Charley",5768,USA,0,PGA,117,98,0.203971354977004,2025-02-10 13:05:40 UTC,anyone ranked outside top 500 in OWGR appear as 501
"Fox, Ryan",11889,NZL,0,PGA,118,96,0.19870103238186,2025-02-10 13:05:40 UTC,anyone ranked outside top 500 in OWGR appear as 501
"Ortiz, Carlos",14735,MEX,0,LIV,119,372,0.197186058073078,2025-02-10 13:05:40 UTC,anyone ranked outside top 500 in OWGR appear as 501
"Uihlein, Peter",11357,USA,0,ASA,120,144,0.19715866676649,2025-02-10 13:05:40 UTC,anyone ranked outside top 500 in OWGR appear as 501
"Bland, Richard",6516,ENG,0,LIV,121,501,0.192390797348184,2025-02-10 13:05:40 UTC,anyone ranked outside top 500 in OWGR appear as 501
"Veerman, Johannes",20522,USA,0,EURO,122,126,0.188950902320242,2025-02-10 13:05:40 UTC,anyone ranked outside top 500 in OWGR appear as 501
"Gooch, Talor",18580,USA,0,LIV,123,501,0.187264571383391,2025-02-10 13:05:40 UTC,anyone ranked outside top 500 in OWGR appear as 501
"Perez, Victor",20730,FRA,0,PGA,124,92,0.180421635757684,2025-02-10 13:05:40 UTC,anyone ranked outside top 500 in OWGR appear as 501
"Yu, Kevin",17881,TPE,0,PGA,125,71,0.162495507128085,2025-02-10 13:05:40 UTC,anyone ranked outside top 500 in OWGR appear as 501
"Hubbard, Mark",16333,USA,0,PGA,126,104,0.157892057235708,2025-02-10 13:05:40 UTC,anyone ranked outside top 500 in OWGR appear as 501
"Kirk, Chris",12423,USA,0,PGA,127,70,0.15396901883301,2025-02-10 13:05:40 UTC,anyone ranked outside top 500 in OWGR appear as 501
"Guerrier, Julien",10201,FRA,0,EURO,128,121,0.152427097561095,2025-02-10 13:05:40 UTC,anyone ranked outside top 500 in OWGR appear as 501
"Campillo, Jorge",14016,ESP,0,EURO,129,113,0.151444441587233,2025-02-10 13:05:40 UTC,anyone ranked outside top 500 in OWGR appear as 501
"Soderberg, Sebastian",18517,SWE,0,EURO,130,123,0.149483839148797,2025-02-10 13:05:40 UTC,anyone ranked outside top 500 in OWGR appear as 501
"Echavarria, Nicolas",22833,COL,0,PGA,131,46,0.146877346196135,2025-02-10 13:05:40 UTC,anyone ranked outside top 500 in OWGR appear as 501
"Silverman, Ben",17381,CAN,0,PGA,132,155,0.138094052908298,2025-02-10 13:05:40 UTC,anyone ranked outside top 500 in OWGR appear as 501
"McGreevy, Max",23505,USA,0,KFT,133,95,0.136950891794243,2025-02-10 13:05:40 UTC,anyone ranked outside top 500 in OWGR appear as 501
"Campbell, Brian",18628,USA,0,KFT,134,221,0.135587308306691,2025-02-10 13:05:40 UTC,anyone ranked outside top 500 in OWGR appear as 501
"Svensson, Jesper",26850,SWE,0,EURO,135,107,0.130940913968161,2025-02-10 13:05:40 UTC,anyone ranked outside top 500 in OWGR appear as 501
"Hojgaard, Nicolai",23602,DEN,0,EURO,136,72,0.1288874797008,2025-02-10 13:05:40 UTC,anyone ranked outside top 500 in OWGR appear as 501
"Rozner, Antoine",18770,FRA,0,EURO,137,131,0.125503829520192,2025-02-10 13:05:40 UTC,anyone ranked outside top 500 in OWGR appear as 501
"Roy, Kevin",18424,USA,0,KFT,138,214,0.119435560873222,2025-02-10 13:05:40 UTC,anyone ranked outside top 500 in OWGR appear as 501
"Lahiri, Anirban",12669,IND,0,LIV,139,501,0.108392322882037,2025-02-10 13:05:40 UTC,anyone ranked outside top 500 in OWGR appear as 501
"Jordan, Matthew",25601,ENG,0,EURO,140,122,0.108279572197839,2025-02-10 13:05:40 UTC,anyone ranked outside top 500 in OWGR appear as 501
"Ryder, Sam",16715,USA,0,PGA,141,187,0.105688943389027,2025-02-10 13:05:40 UTC,anyone ranked outside top 500 in OWGR appear as 501
"Kim, Chan",15004,USA,0,PGA,142,166,0.103930535065599,2025-02-10 13:05:40 UTC,anyone ranked outside top 500 in OWGR appear as 501
"Capan III, Frankie",21412,USA,0,KFT,143,138,0.103663601909256,2025-02-10 13:05:40 UTC,anyone ranked outside top 500 in OWGR appear as 501
"Sigg, Greyson",23482,USA,0,PGA,144,165,0.0967847637870994,2025-02-10 13:05:40 UTC,anyone ranked outside top 500 in OWGR appear as 501
"Langasque, Romain",16652,FRA,0,EURO,145,89,0.0864469167926587,2025-02-10 13:05:40 UTC,anyone ranked outside top 500 in OWGR appear as 501
"Highsmith, Joe",28469,USA,0,PGA,146,171,0.0859165853621242,2025-02-10 13:05:40 UTC,anyone ranked outside top 500 in OWGR appear as 501
"Whaley, Vince",25908,USA,0,PGA,147,119,0.085843713777865,2025-02-10 13:05:40 UTC,anyone ranked outside top 500 in OWGR appear as 501
"Young, Carson",23656,USA,0,PGA,148,151,0.053854921030396,2025-02-10 13:05:40 UTC,anyone ranked outside top 500 in OWGR appear as 501
"Smotherman, Austin",22985,USA,0,PGA,149,260,0.0457075197421599,2025-02-10 13:05:40 UTC,anyone ranked outside top 500 in OWGR appear as 501
"Laporta, Francesco",14987,ITA,0,EURO,150,233,0.0386596163476929,2025-02-10 13:05:40 UTC,anyone ranked outside top 500 in OWGR appear as 501
"McCarty, Matt",28635,USA,0,KFT,151,55,0.0318154969250664,2025-02-10 13:05:40 UTC,anyone ranked outside top 500 in OWGR appear as 501
"Coody, Pierceson",28309,USA,0,PGA,152,160,0.0288469416857695,2025-02-10 13:05:40 UTC,anyone ranked outside top 500 in OWGR appear as 501
"Hoey, Rico",23504,PHI,0,PGA,153,128,0.0269077079623955,2025-02-10 13:05:40 UTC,anyone ranked outside top 500 in OWGR appear as 501
"Cummins, Quade",27996,USA,0,KFT,154,262,0.0203627487253177,2025-02-10 13:05:40 UTC,anyone ranked outside top 500 in OWGR appear as 501
"Hirata, Kensei",20954,JPN,0,JPN,155,103,0.0178502115188369,2025-02-10 13:05:40 UTC,anyone ranked outside top 500 in OWGR appear as 501
"Griffin, Lanto",15330,USA,0,PGA,156,254,0.0130613458494481,2025-02-10 13:05:40 UTC,anyone ranked outside top 500 in OWGR appear as 501
"Lawrence, Thriston",18105,RSA,0,EURO,157,56,0.0057840170582617,2025-02-10 13:05:40 UTC,anyone ranked outside top 500 in OWGR appear as 501
"Parry, John",13764,ENG,0,EURO,158,110,0.0054351754699249,2025-02-10 13:05:40 UTC,anyone ranked outside top 500 in OWGR appear as 501
"Van Rooyen, Erik",17550,RSA,0,PGA,159,87,0.0045849584336093,2025-02-10 13:05:40 UTC,anyone ranked outside top 500 in OWGR appear as 501
"Docherty, Alistair",24962,USA,0,KFT,160,215,-0.007167308224339,2025-02-10 13:05:40 UTC,anyone ranked outside top 500 in OWGR appear as 501
"Phillips, Chandler",27164,USA,0,PGA,161,157,-0.0145502458922993,2025-02-10 13:05:40 UTC,anyone ranked outside top 500 in OWGR appear as 501
"Nakajima, Keita",21074,JPN,0,EURO,162,137,-0.0190141144526868,2025-02-10 13:05:40 UTC,anyone ranked outside top 500 in OWGR appear as 501
"Johnson, Dustin",12422,USA,0,LIV,163,501,-0.0230052506948216,2025-02-10 13:05:40 UTC,anyone ranked outside top 500 in OWGR appear as 501
"Migliozzi, Guido",17357,ITA,0,EURO,164,134,-0.0260401238706017,2025-02-10 13:05:40 UTC,anyone ranked outside top 500 in OWGR appear as 501
"Noh, Seung-Yul",11117,KOR,0,KFT,165,313,-0.0315583629068013,2025-02-10 13:05:40 UTC,anyone ranked outside top 500 in OWGR appear as 501
"Johnson, Zach",6986,USA,0,PGA,166,321,-0.0343475425758199,2025-02-10 13:05:40 UTC,anyone ranked outside top 500 in OWGR appear as 501
"Meronk, Adrian",14196,POL,0,LIV,167,163,-0.0426271130320557,2025-02-10 13:05:40 UTC,anyone ranked outside top 500 in OWGR appear as 501
"Campbell, Ben",14373,NZL,0,ASA,168,147,-0.0497017510287488,2025-02-10 13:05:40 UTC,anyone ranked outside top 500 in OWGR appear as 501
"Luiten, Joost",10158,NED,0,EURO,169,230,-0.0498759755774937,2025-02-10 13:05:40 UTC,anyone ranked outside top 500 in OWGR appear as 501
"Schmid, Matthias",20722,GER,0,PGA,170,115,-0.0680470965057536,2025-02-10 13:05:40 UTC,anyone ranked outside top 500 in OWGR appear as 501
"Ventura, Kristoffer",15651,NOR,0,KFT,171,192,-0.0683262331829094,2025-02-10 13:05:40 UTC,anyone ranked outside top 500 in OWGR appear as 501
"Vincent, Scott",14559,ZIM,0,ASA,172,419,-0.0701873880022225,2025-02-10 13:05:40 UTC,anyone ranked outside top 500 in OWGR appear as 501
"Schenk, Adam",19477,USA,0,PGA,173,105,-0.0790234297550559,2025-02-10 13:05:40 UTC,anyone ranked outside top 500 in OWGR appear as 501
"Ferguson, Ewen",21646,SCO,0,EURO,174,148,-0.0946471524459754,2025-02-10 13:05:40 UTC,anyone ranked outside top 500 in OWGR appear as 501
"Fitzpatrick, Alex",25362,ENG,0,EURO,175,179,-0.109756936978449,2025-02-10 13:05:40 UTC,anyone ranked outside top 500 in OWGR appear as 501
"Simpson, Webb",11049,USA,0,PGA,176,340,-0.110163571082187,2025-02-10 13:05:40 UTC,anyone ranked outside top 500 in OWGR appear as 501
"Sullivan, Andy",15326,ENG,0,EURO,177,200,-0.113259480150017,2025-02-10 13:05:40 UTC,anyone ranked outside top 500 in OWGR appear as 501
"Pieters, Thomas",13944,BEL,0,LIV,178,386,-0.11561146661147,2025-02-10 13:05:40 UTC,anyone ranked outside top 500 in OWGR appear as 501
"Meissner, Mitchell",26126,USA,0,KFT,179,320,-0.118785345540015,2025-02-10 13:05:40 UTC,anyone ranked outside top 500 in OWGR appear as 501
"Lindell, Oliver",20085,FIN,0,CHA,180,307,-0.129663268180262,2025-02-10 13:05:40 UTC,anyone ranked outside top 500 in OWGR appear as 501
"Saddier, Adrien",14792,FRA,0,EURO,181,234,-0.132257122593945,2025-02-10 13:05:40 UTC,anyone ranked outside top 500 in OWGR appear as 501
"Van Tonder, Daniel",15193,RSA,0,AFR,182,176,-0.137031043104381,2025-02-10 13:05:40 UTC,anyone ranked outside top 500 in OWGR appear as 501
"Ayora, Angel",30445,ESP,0,EURO,183,183,-0.150439991279105,2025-02-10 13:05:40 UTC,anyone ranked outside top 500 in OWGR appear as 501
"Waring, Paul",12426,ENG,0,EURO,184,111,-0.151712600948443,2025-02-10 13:05:40 UTC,anyone ranked outside top 500 in OWGR appear as 501
"Hoshino, Rikuya",19190,JPN,0,EURO,185,162,-0.152677316656387,2025-02-10 13:05:40 UTC,anyone ranked outside top 500 in OWGR appear as 501
"Norlander, Henrik",11657,SWE,0,PGA,186,207,-0.158033474715048,2025-02-10 13:05:40 UTC,anyone ranked outside top 500 in OWGR appear as 501
"Thorbjornsen, Michael",26649,USA,0,PGA,187,191,-0.16418168885447,2025-02-10 13:05:40 UTC,anyone ranked outside top 500 in OWGR appear as 501
"Grillo, Emiliano",12808,ARG,0,PGA,188,118,-0.165138966081834,2025-02-10 13:05:40 UTC,anyone ranked outside top 500 in OWGR appear as 501
"Lamprecht, Christo",24343,RSA,0,KFT,189,247,-0.171245465099993,2025-02-10 13:05:40 UTC,anyone ranked outside top 500 in OWGR appear as 501
"Kizzire, Patton",13470,USA,0,PGA,190,120,-0.183409198675712,2025-02-10 13:05:40 UTC,anyone ranked outside top 500 in OWGR appear as 501
"Stone, Brandon",15229,RSA,0,EURO,191,272,-0.185654859313044,2025-02-10 13:05:40 UTC,anyone ranked outside top 500 in OWGR appear as 501
"Chatfield, Davis",30620,USA,0,KFT,192,322,-0.187096115699352,2025-02-10 13:05:40 UTC,anyone ranked outside top 500 in OWGR appear as 501
"Stricker, Steve",4818,USA,0,CHAMP,193,501,-0.187497461436156,2025-02-10 13:05:40 UTC,anyone ranked outside top 500 in OWGR appear as 501
"Bjork, Alexander",14775,SWE,0,EURO,194,188,-0.187578180053913,2025-02-10 13:05:40 UTC,anyone ranked outside top 500 in OWGR appear as 501
"Kohles, Ben",16395,USA,0,PGA,195,139,-0.189260837836667,2025-02-10 13:05:40 UTC,anyone ranked outside top 500 in OWGR appear as 501
"Li, Haotong",15310,CHN,0,EURO,196,154,-0.192900793402508,2025-02-10 13:05:40 UTC,anyone ranked outside top 500 in OWGR appear as 501
"Lashley, Nate",10943,USA,0,PGA,197,209,-0.195188449295465,2025-02-10 13:05:40 UTC,anyone ranked outside top 500 in OWGR appear as 501
"Dahmen, Joel",14509,USA,0,PGA,198,213,-0.205747325926616,2025-02-10 13:05:40 UTC,anyone ranked outside top 500 in OWGR appear as 501
"Castillo, Ricky",27819,USA,0,KFT,199,239,-0.205881755983622,2025-02-10 13:05:40 UTC,anyone ranked outside top 500 in OWGR appear as 501
"Pavan, Andrea",12177,ITA,0,EURO,200,290,-0.210142190393631,2025-02-10 13:05:40 UTC,anyone ranked outside top 500 in OWGR appear as 501
"List, Luke",7960,USA,0,PGA,201,132,-0.221197788230367,2025-02-10 13:05:40 UTC,anyone ranked outside top 500 in OWGR appear as 501
"Kokrak, Jason",12337,USA,0,LIV,202,501,-0.22459215531813,2025-02-10 13:05:40 UTC,anyone ranked outside top 500 in OWGR appear as 501
"Schwartzel, Charl",7398,RSA,0,LIV,203,399,-0.229624589360051,2025-02-10 13:05:40 UTC,anyone ranked outside top 500 in OWGR appear as 501
"Wu, Dylan",25002,USA,0,PGA,204,224,-0.233382482755939,2025-02-10 13:05:40 UTC,anyone ranked outside top 500 in OWGR appear as 501
"Lee, Kyounghoon",13497,KOR,0,PGA,205,153,-0.235506737047445,2025-02-10 13:05:40 UTC,anyone ranked outside top 500 in OWGR appear as 501
"Imahira, Shugo",13485,JPN,0,JPN,206,223,-0.23671762806694,2025-02-10 13:05:40 UTC,anyone ranked outside top 500 in OWGR appear as 501
"Hisatsune, Ryo",22760,JPN,0,PGA,207,116,-0.237538891582126,2025-02-10 13:05:40 UTC,anyone ranked outside top 500 in OWGR appear as 501
"Gotterup, Chris",27774,USA,0,PGA,208,206,-0.238338605954386,2025-02-10 13:05:40 UTC,anyone ranked outside top 500 in OWGR appear as 501
"Hillier, Daniel",21362,NZL,0,EURO,209,135,-0.23864819856131,2025-02-10 13:05:40 UTC,anyone ranked outside top 500 in OWGR appear as 501
"Wolff, Matthew",25919,USA,0,LIV,210,501,-0.241865001018221,2025-02-10 13:05:40 UTC,anyone ranked outside top 500 in OWGR appear as 501
"Shelton, Robby",18635,USA,0,PGA,211,267,-0.242812312392046,2025-02-10 13:05:40 UTC,anyone ranked outside top 500 in OWGR appear as 501
"Catlin, John",18524,USA,0,ASA,212,133,-0.250328533460357,2025-02-10 13:05:40 UTC,anyone ranked outside top 500 in OWGR appear as 501
"Garnett, Brice",11451,USA,0,PGA,213,186,-0.264081233926656,2025-02-10 13:05:40 UTC,anyone ranked outside top 500 in OWGR appear as 501
"Robinson-Thompson, Brandon",24497,ENG,0,EURO,214,193,-0.266531592064817,2025-02-10 13:05:40 UTC,anyone ranked outside top 500 in OWGR appear as 501
"Knapp, Jake",19396,USA,0,PGA,215,102,-0.267349369576368,2025-02-10 13:05:40 UTC,anyone ranked outside top 500 in OWGR appear as 501
"Bairstow, Sam",28615,ENG,0,EURO,216,178,-0.268259556077633,2025-02-10 13:05:40 UTC,anyone ranked outside top 500 in OWGR appear as 501
"Bramlett, Joseph",14698,USA,0,PGA,217,312,-0.269559409833963,2025-02-10 13:05:40 UTC,anyone ranked outside top 500 in OWGR appear as 501
"Grace, Branden",11952,RSA,0,LIV,218,501,-0.272379275202826,2025-02-10 13:05:40 UTC,anyone ranked outside top 500 in OWGR appear as 501
"Springer, Hayden",21995,USA,0,PGA,219,149,-0.276559844866903,2025-02-10 13:05:40 UTC,anyone ranked outside top 500 in OWGR appear as 501
"Howell III, Charles",6892,USA,0,LIV,220,501,-0.288638286624128,2025-02-10 13:05:40 UTC,anyone ranked outside top 500 in OWGR appear as 501
"Shimizu, Taisei",20984,JPN,0,JPN,221,289,-0.2891311946692,2025-02-10 13:05:40 UTC,anyone ranked outside top 500 in OWGR appear as 501
"Wenyi, Ding",26193,CHN,0,EURO,222,501,-0.290198676123122,2025-02-10 13:05:40 UTC,anyone ranked outside top 500 in OWGR appear as 501
"Bryan, Wesley",21236,USA,0,PGA,223,217,-0.297141952092591,2025-02-10 13:05:40 UTC,anyone ranked outside top 500 in OWGR appear as 501
"Dumont de Chassart, Adrien",22002,BEL,0,PGA,224,211,-0.29806052086738,2025-02-10 13:05:40 UTC,anyone ranked outside top 500 in OWGR appear as 501
"Ramey, Chad",19840,USA,0,PGA,225,300,-0.298764703519223,2025-02-10 13:05:40 UTC,anyone ranked outside top 500 in OWGR appear as 501
"Martin, Ben",14007,USA,0,PGA,226,324,-0.299293823913346,2025-02-10 13:05:40 UTC,anyone ranked outside top 500 in OWGR appear as 501
"Blair, Zac",17639,USA,0,PGA,227,175,-0.310684423817273,2025-02-10 13:05:40 UTC,anyone ranked outside top 500 in OWGR appear as 501
"Kinoshita, Ryosuke",14904,JPN,0,JPN,228,278,-0.312785474600622,2025-02-10 13:05:40 UTC,anyone ranked outside top 500 in OWGR appear as 501
"Schaper, Jayden",26991,RSA,0,EURO,229,258,-0.314834407378538,2025-02-10 13:05:40 UTC,anyone ranked outside top 500 in OWGR appear as 501
"Suber, Jackson",29279,USA,0,KFT,230,190,-0.317502916944864,2025-02-10 13:05:40 UTC,anyone ranked outside top 500 in OWGR appear as 501
"Brown, Daniel",20766,ENG,0,EURO,231,125,-0.340752804898965,2025-02-10 13:05:40 UTC,anyone ranked outside top 500 in OWGR appear as 501
"Coussaud, Ugo",20727,FRA,0,EURO,232,216,-0.348506180404995,2025-02-10 13:05:40 UTC,anyone ranked outside top 500 in OWGR appear as 501
"Steele, Brendan",11019,USA,0,LIV,233,501,-0.350786757089426,2025-02-10 13:05:40 UTC,anyone ranked outside top 500 in OWGR appear as 501
"James, Ben",29827,USA,1,AM,234,501,-0.352528076088462,2025-02-10 13:05:40 UTC,anyone ranked outside top 500 in OWGR appear as 501
"Salinda, Isaiah",27183,USA,0,KFT,235,273,-0.354728964188176,2025-02-10 13:05:40 UTC,anyone ranked outside top 500 in OWGR appear as 501
"LaCroix, Frederic",23733,FRA,0,EURO,236,173,-0.356531686255211,2025-02-10 13:05:40 UTC,anyone ranked outside top 500 in OWGR appear as 501
"Cink, Stewart",5665,USA,0,CHAMP,237,374,-0.358563939737298,2025-02-10 13:05:40 UTC,anyone ranked outside top 500 in OWGR appear as 501
"Chacarra, Eugenio",26745,ESP,0,ASA,238,304,-0.361081016925634,2025-02-10 13:05:40 UTC,anyone ranked outside top 500 in OWGR appear as 501
"Hardy, Nick",19865,USA,0,PGA,239,297,-0.365746160209301,2025-02-10 13:05:40 UTC,anyone ranked outside top 500 in OWGR appear as 501
"Shipley, Neal",32055,USA,0,PGA,240,227,-0.366160025050936,2025-02-10 13:05:40 UTC,anyone ranked outside top 500 in OWGR appear as 501
"Pavon, Matthieu",19960,FRA,0,PGA,241,41,-0.367660881824402,2025-02-10 13:05:40 UTC,anyone ranked outside top 500 in OWGR appear as 501
"Lipsky, David",15980,USA,0,PGA,242,161,-0.370904596541956,2025-02-10 13:05:40 UTC,anyone ranked outside top 500 in OWGR appear as 501
"Jang, Yubin",28276,KOR,0,KOR,243,146,-0.372218393923715,2025-02-10 13:05:40 UTC,anyone ranked outside top 500 in OWGR appear as 501
"Gutierrez, Ivan Cantero",19635,ESP,0,EURO,244,259,-0.37539809802777,2025-02-10 13:05:40 UTC,anyone ranked outside top 500 in OWGR appear as 501
"Otaegui, Adrian",14975,UAE,0,EURO,245,189,-0.37696772438306,2025-02-10 13:05:40 UTC,anyone ranked outside top 500 in OWGR appear as 501
"Tway, Kevin",13127,USA,0,PGA,246,282,-0.380977630206345,2025-02-10 13:05:40 UTC,anyone ranked outside top 500 in OWGR appear as 501
"Jamieson, Scott",11397,SCO,0,EURO,247,292,-0.382581690391794,2025-02-10 13:05:40 UTC,anyone ranked outside top 500 in OWGR appear as 501
"Ramsay, Richie",11396,SCO,0,EURO,248,265,-0.384739074913041,2025-02-10 13:05:40 UTC,anyone ranked outside top 500 in OWGR appear as 501
"Lebioda, Hank",21943,USA,0,KFT,249,243,-0.387678949422829,2025-02-10 13:05:40 UTC,anyone ranked outside top 500 in OWGR appear as 501
"Jones, Matt",8605,AUS,0,LIV,250,501,-0.38893469446644,2025-02-10 13:05:40 UTC,anyone ranked outside top 500 in OWGR appear as 501
"Alker, Steven",4871,NZL,0,CHAMP,251,501,-0.394532914473815,2025-02-10 13:05:40 UTC,anyone ranked outside top 500 in OWGR appear as 501
"Dean, Joe",16497,ENG,0,EURO,252,140,-0.397585924385036,2025-02-10 13:05:40 UTC,anyone ranked outside top 500 in OWGR appear as 501
"Kim, Seonghyeon",21688,KOR,0,PGA,253,164,-0.399632360627284,2025-02-10 13:05:40 UTC,anyone ranked outside top 500 in OWGR appear as 501
"Mullinax, Trey",18761,USA,0,PGA,254,447,-0.401272752907544,2025-02-10 13:05:40 UTC,anyone ranked outside top 500 in OWGR appear as 501
"Schneider, Marcel",12522,GER,0,EURO,255,334,-0.407081997574226,2025-02-10 13:05:40 UTC,anyone ranked outside top 500 in OWGR appear as 501
"Paul, Jeremy",22087,GER,0,KFT,256,343,-0.410286210109211,2025-02-10 13:05:40 UTC,anyone ranked outside top 500 in OWGR appear as 501
"Redman, Doc",24481,USA,0,KFT,257,389,-0.412698742502399,2025-02-10 13:05:40 UTC,anyone ranked outside top 500 in OWGR appear as 501
"Suh, Justin",22050,USA,0,PGA,258,280,-0.423816958047789,2025-02-10 13:05:40 UTC,anyone ranked outside top 500 in OWGR appear as 501
"Micheluzzi, David",19224,AUS,0,EURO,259,197,-0.424484745730589,2025-02-10 13:05:40 UTC,anyone ranked outside top 500 in OWGR appear as 501
"Na, Kevin",7452,USA,0,LIV,260,501,-0.427366210535866,2025-02-10 13:05:40 UTC,anyone ranked outside top 500 in OWGR appear as 501
"Lee, Chieh-Po",16563,TPE,0,ASA,261,241,-0.430952133712963,2025-02-10 13:05:40 UTC,anyone ranked outside top 500 in OWGR appear as 501
"Norrman, Vincent",22535,SWE,0,PGA,262,231,-0.440203922770407,2025-02-10 13:05:40 UTC,anyone ranked outside top 500 in OWGR appear as 501
"Kimsey, Nathan",18027,ENG,0,EURO,263,440,-0.442635984288989,2025-02-10 13:05:40 UTC,anyone ranked outside top 500 in OWGR appear as 501
"Johnston, Andrew",14666,ENG,0,EURO,264,403,-0.449965321182369,2025-02-10 13:05:40 UTC,anyone ranked outside top 500 in OWGR appear as 501
"Wu, Brandon",25213,USA,0,PGA,265,317,-0.450114616541671,2025-02-10 13:05:40 UTC,anyone ranked outside top 500 in OWGR appear as 501
"Kaewkanjana, Sadom",19844,THA,0,ASA,266,330,-0.452790553989791,2025-02-10 13:05:40 UTC,anyone ranked outside top 500 in OWGR appear as 501
"Hill, Calum",25131,SCO,0,EURO,267,264,-0.454669578766818,2025-02-10 13:05:40 UTC,anyone ranked outside top 500 in OWGR appear as 501
"Moore, Ryan",7489,USA,0,PGA,268,288,-0.454989912796907,2025-02-10 13:05:40 UTC,anyone ranked outside top 500 in OWGR appear as 501
"Higa, Kazuki",15756,JPN,0,ASA,269,303,-0.461481883235145,2025-02-10 13:05:40 UTC,anyone ranked outside top 500 in OWGR appear as 501
"Chappell, Kevin",13305,USA,0,PGA,270,331,-0.463655211393843,2025-02-10 13:05:40 UTC,anyone ranked outside top 500 in OWGR appear as 501
"Smyth, Travis",19232,AUS,0,ASA,271,279,-0.463849372505386,2025-02-10 13:05:40 UTC,anyone ranked outside top 500 in OWGR appear as 501
"Walker, Danny",25003,USA,0,KFT,272,302,-0.465774048102662,2025-02-10 13:05:40 UTC,anyone ranked outside top 500 in OWGR appear as 501
"Rosenmueller, Thomas",22736,GER,0,KFT,273,195,-0.472273540202894,2025-02-10 13:05:40 UTC,anyone ranked outside top 500 in OWGR appear as 501
"Fisk, Steven",26657,USA,0,KFT,274,172,-0.475667859725483,2025-02-10 13:05:40 UTC,anyone ranked outside top 500 in OWGR appear as 501
"Summerhays, Daniel",12424,USA,0,KFT,275,358,-0.475990391240952,2025-02-10 13:05:40 UTC,anyone ranked outside top 500 in OWGR appear as 501
"Del Rey, Alejandro",22259,ESP,0,EURO,276,158,-0.476589273813744,2025-02-10 13:05:40 UTC,anyone ranked outside top 500 in OWGR appear as 501
"Surratt, Caleb",30463,USA,0,LIV,277,314,-0.482536280625377,2025-02-10 13:05:40 UTC,anyone ranked outside top 500 in OWGR appear as 501
"Wiesberger, Bernd",9531,AUT,0,EURO,278,226,-0.482584831232205,2025-02-10 13:05:40 UTC,anyone ranked outside top 500 in OWGR appear as 501
"Streelman, Kevin",8480,USA,0,PGA,279,210,-0.484154371488445,2025-02-10 13:05:40 UTC,anyone ranked outside top 500 in OWGR appear as 501
"Tabuena, Miguel",15274,PHI,0,ASA,280,286,-0.485439895679829,2025-02-10 13:05:40 UTC,anyone ranked outside top 500 in OWGR appear as 501
"Vilips, Karl",24304,AUS,0,KFT,281,266,-0.487400161671761,2025-02-10 13:05:40 UTC,anyone ranked outside top 500 in OWGR appear as 501
"Peterson, Paul",16341,USA,0,KFT,282,225,-0.487728675524427,2025-02-10 13:05:40 UTC,anyone ranked outside top 500 in OWGR appear as 501
"Syme, Connor",22089,SCO,0,EURO,283,199,-0.49016578184112,2025-02-10 13:05:40 UTC,anyone ranked outside top 500 in OWGR appear as 501
"Koivun, Jackson",32319,USA,1,AM,284,501,-0.491331337905177,2025-02-10 13:05:40 UTC,anyone ranked outside top 500 in OWGR appear as 501
"Stenson, Henrik",5994,SWE,0,LIV,285,501,-0.493896312970336,2025-02-10 13:05:40 UTC,anyone ranked outside top 500 in OWGR appear as 501
"Kaneko, Kota",28268,JPN,0,JPN,286,368,-0.498195874908699,2025-02-10 13:05:40 UTC,anyone ranked outside top 500 in OWGR appear as 501
"Couvra, Martin",27811,FRA,0,CHA,287,271,-0.504044593932879,2025-02-10 13:05:40 UTC,anyone ranked outside top 500 in OWGR appear as 501
"Higgo, Garrick",24342,RSA,0,PGA,288,308,-0.50661340413832,2025-02-10 13:05:40 UTC,anyone ranked outside top 500 in OWGR appear as 501
"Harrington, Padraig",5716,IRL,0,CHAMP,289,367,-0.513343290397738,2025-02-10 13:05:40 UTC,anyone ranked outside top 500 in OWGR appear as 501
"Knox, Russell",13831,SCO,0,KFT,290,381,-0.519030785325385,2025-02-10 13:05:40 UTC,anyone ranked outside top 500 in OWGR appear as 501
"Higgs, Harry",14140,USA,0,PGA,291,170,-0.522501782061082,2025-02-10 13:05:40 UTC,anyone ranked outside top 500 in OWGR appear as 501
"Varner III, Harold",16602,USA,0,LIV,292,501,-0.524667009488876,2025-02-10 13:05:40 UTC,anyone ranked outside top 500 in OWGR appear as 501
"Scrivener, Jason",12734,AUS,0,EURO,293,283,-0.525270691722599,2025-02-10 13:05:40 UTC,anyone ranked outside top 500 in OWGR appear as 501
"Brown, Hamish",22168,DEN,0,CHA,294,232,-0.526015941367127,2025-02-10 13:05:40 UTC,anyone ranked outside top 500 in OWGR appear as 501
"Lemke, Niklas",10418,SWE,0,CHA,295,463,-0.534657304224878,2025-02-10 13:05:40 UTC,anyone ranked outside top 500 in OWGR appear as 501
"Bradbury, Dan",29971,ENG,0,EURO,296,174,-0.535546859887588,2025-02-10 13:05:40 UTC,anyone ranked outside top 500 in OWGR appear as 501
"Horsfield, Sam",19866,ENG,0,LIV,297,501,-0.541748495309379,2025-02-10 13:05:40 UTC,anyone ranked outside top 500 in OWGR appear as 501
"Laird, Martin",9586,SCO,0,PGA,298,277,-0.548816888064506,2025-02-10 13:05:40 UTC,anyone ranked outside top 500 in OWGR appear as 501
"Gordon, Will",26660,USA,0,PGA,299,319,-0.558798833773005,2025-02-10 13:05:40 UTC,anyone ranked outside top 500 in OWGR appear as 501
"Snedeker, Brandt",8820,USA,0,PGA,300,394,-0.559656774553375,2025-02-10 13:05:40 UTC,anyone ranked outside top 500 in OWGR appear as 501
"Mouw, William",29770,USA,0,KFT,301,181,-0.565132649429648,2025-02-10 13:05:40 UTC,anyone ranked outside top 500 in OWGR appear as 501
"Nyholm, Pontus",25475,SWE,0,KFT,302,411,-0.568115841450581,2025-02-10 13:05:40 UTC,anyone ranked outside top 500 in OWGR appear as 501
"Bauchou, Zachary",19846,USA,0,KFT,303,293,-0.574365380085111,2025-02-10 13:05:40 UTC,anyone ranked outside top 500 in OWGR appear as 501
"Tosti, Alejandro",17032,ARG,0,PGA,304,202,-0.574686379044657,2025-02-10 13:05:40 UTC,anyone ranked outside top 500 in OWGR appear as 501
"Vaillant, Tom",28157,FRA,0,EURO,305,329,-0.575649836124424,2025-02-10 13:05:40 UTC,anyone ranked outside top 500 in OWGR appear as 501
"Gonzalez, Emilio",28016,MEX,0,KFT,306,364,-0.586087702547685,2025-02-10 13:05:40 UTC,anyone ranked outside top 500 in OWGR appear as 501
"Duncan, Tyler",18187,USA,0,PGA,307,336,-0.593951101880924,2025-02-10 13:05:40 UTC,anyone ranked outside top 500 in OWGR appear as 501
"Whitney, Tom",20353,USA,0,PGA,308,396,-0.59729454313219,2025-02-10 13:05:40 UTC,anyone ranked outside top 500 in OWGR appear as 501
"Dickson, Taylor",27420,USA,0,KFT,309,181,-0.602522674096416,2025-02-10 13:05:40 UTC,anyone ranked outside top 500 in OWGR appear as 501
"Kjettrup, Frederik",24660,DEN,0,PTA,310,250,-0.603842420988884,2025-02-10 13:05:40 UTC,anyone ranked outside top 500 in OWGR appear as 501
"Law, David",14784,SCO,0,EURO,311,400,-0.604732754435117,2025-02-10 13:05:40 UTC,anyone ranked outside top 500 in OWGR appear as 501
"Widing, Tim",21875,SWE,0,KFT,312,168,-0.61138467290572,2025-02-10 13:05:40 UTC,anyone ranked outside top 500 in OWGR appear as 501
"NeSmith, Matthew",16433,USA,0,PGA,313,275,-0.61245787972716,2025-02-10 13:05:40 UTC,anyone ranked outside top 500 in OWGR appear as 501
"Crocker, Sean",23610,USA,0,EURO,314,252,-0.61470604577646,2025-02-10 13:05:40 UTC,anyone ranked outside top 500 in OWGR appear as 501
"Lamb, Rick",18869,USA,0,KFT,315,467,-0.614770065840029,2025-02-10 13:05:40 UTC,anyone ranked outside top 500 in OWGR appear as 501
"Elvira Mijares, Ignacio",12988,ESP,0,EURO,316,196,-0.618598223650754,2025-02-10 13:05:40 UTC,anyone ranked outside top 500 in OWGR appear as 501
"Semikawa, Taiga",19681,JPN,0,JPN,317,281,-0.622914221003396,2025-02-10 13:05:40 UTC,anyone ranked outside top 500 in OWGR appear as 501
"Lee, Richard Taehoon",12413,CAN,0,ASA,318,228,-0.624773878495539,2025-02-10 13:05:40 UTC,anyone ranked outside top 500 in OWGR appear as 501
"Goodwin, Noah",24837,USA,0,KFT,319,366,-0.624952554718695,2025-02-10 13:05:40 UTC,anyone ranked outside top 500 in OWGR appear as 501
"Zanotti, Fabrizio",9842,PAR,0,EURO,320,309,-0.627450422659428,2025-02-10 13:05:40 UTC,anyone ranked outside top 500 in OWGR appear as 501
"Kruyswijk, Jacques",16896,RSA,0,EURO,321,363,-0.631349714373921,2025-02-10 13:05:40 UTC,anyone ranked outside top 500 in OWGR appear as 501
"Kraft, Kelly",15852,USA,0,PGA,322,393,-0.631982550899981,2025-02-10 13:05:40 UTC,anyone ranked outside top 500 in OWGR appear as 501
"Thornberry, Braden",23502,USA,0,KFT,323,274,-0.635125265356614,2025-02-10 13:05:40 UTC,anyone ranked outside top 500 in OWGR appear as 501
"Lee, Seungtaek",16162,KOR,0,KFT,324,348,-0.637223286321808,2025-02-10 13:05:40 UTC,anyone ranked outside top 500 in OWGR appear as 501
"Reitan, Kristoffer",21407,NOR,0,CHA,325,365,-0.641191895558579,2025-02-10 13:05:40 UTC,anyone ranked outside top 500 in OWGR appear as 501
"Von Dellingshausen, Nicolai",22231,GER,0,EURO,326,421,-0.643790717793054,2025-02-10 13:05:40 UTC,anyone ranked outside top 500 in OWGR appear as 501
"Mansell, Richard",24185,ENG,0,EURO,327,242,-0.644261782576764,2025-02-10 13:05:40 UTC,anyone ranked outside top 500 in OWGR appear as 501
"Pereira, Mito",19455,CHI,0,LIV,328,501,-0.644954496926246,2025-02-10 13:05:40 UTC,anyone ranked outside top 500 in OWGR appear as 501
"Suri, Julian",18059,USA,0,KFT,329,465,-0.651204283120629,2025-02-10 13:05:40 UTC,anyone ranked outside top 500 in OWGR appear as 501
"Horikawa, Mikumu",15056,JPN,0,JPN,330,391,-0.653087409389173,2025-02-10 13:05:40 UTC,anyone ranked outside top 500 in OWGR appear as 501
"Winther, Jeff",15680,DEN,0,EURO,331,238,-0.653383711978172,2025-02-10 13:05:40 UTC,anyone ranked outside top 500 in OWGR appear as 501
"Gilligan, Ian",26953,USA,1,AM,332,501,-0.657243121581606,2025-02-10 13:05:40 UTC,anyone ranked outside top 500 in OWGR appear as 501
"Reavie, Chez",7961,USA,0,PGA,333,338,-0.657913590347378,2025-02-10 13:05:40 UTC,anyone ranked outside top 500 in OWGR appear as 501
"Champ, Cameron",23542,USA,0,PGA,334,430,-0.66125386767654,2025-02-10 13:05:40 UTC,anyone ranked outside top 500 in OWGR appear as 501
"Montgomery, Taylor",25442,USA,0,PGA,335,246,-0.663305373810097,2025-02-10 13:05:40 UTC,anyone ranked outside top 500 in OWGR appear as 501
"Hadley, Chesson",14967,USA,0,PGA,336,328,-0.66371598832006,2025-02-10 13:05:40 UTC,anyone ranked outside top 500 in OWGR appear as 501
"Schniederjans, Ollie",18662,USA,0,KFT,337,270,-0.66721152701097,2025-02-10 13:05:40 UTC,anyone ranked outside top 500 in OWGR appear as 501
"Westmoreland, Kyle",23599,USA,0,KFT,338,256,-0.668110438288108,2025-02-10 13:05:40 UTC,anyone ranked outside top 500 in OWGR appear as 501
"McDowell, Graeme",7548,NIR,0,LIV,339,501,-0.676435451873114,2025-02-10 13:05:40 UTC,anyone ranked outside top 500 in OWGR appear as 501
"Green, Gavin",12530,MAS,0,EURO,340,335,-0.68036143332915,2025-02-10 13:05:40 UTC,anyone ranked outside top 500 in OWGR appear as 501
"VanDerLaan, John",25319,USA,0,KFT,341,490,-0.682568754376055,2025-02-10 13:05:40 UTC,anyone ranked outside top 500 in OWGR appear as 501
"Lee, Junghwan",13498,KOR,0,KOR,342,355,-0.6828002118139,2025-02-10 13:05:40 UTC,anyone ranked outside top 500 in OWGR appear as 501
"Kinhult, Marcus",18514,SWE,0,EURO,343,268,-0.684423434460295,2025-02-10 13:05:40 UTC,anyone ranked outside top 500 in OWGR appear as 501
"Jarvis, Casey",26947,RSA,0,EURO,344,305,-0.695199860040447,2025-02-10 13:05:40 UTC,anyone ranked outside top 500 in OWGR appear as 501
"Cone, Trevor",21880,USA,0,KFT,345,380,-0.696798999829988,2025-02-10 13:05:40 UTC,anyone ranked outside top 500 in OWGR appear as 501
"Nienaber, Wilco",25889,RSA,0,CHA,346,426,-0.69705989301823,2025-02-10 13:05:40 UTC,anyone ranked outside top 500 in OWGR appear as 501
"Paul, Yannik",19898,GER,0,EURO,347,205,-0.697469508838467,2025-02-10 13:05:40 UTC,anyone ranked outside top 500 in OWGR appear as 501
"Premlall, Yurav",25890,RSA,0,AFR,348,477,-0.699017112456223,2025-02-10 13:05:40 UTC,anyone ranked outside top 500 in OWGR appear as 501
"Armitage, Marcus",17813,ENG,0,EURO,349,208,-0.701657122197409,2025-02-10 13:05:40 UTC,anyone ranked outside top 500 in OWGR appear as 501
"Holt, Ian",25036,USA,0,KFT,350,501,-0.70316460909552,2025-02-10 13:05:40 UTC,anyone ranked outside top 500 in OWGR appear as 501
"Van Paris, Jackson",31955,USA,1,AM,351,501,-0.71544452426293,2025-02-10 13:05:40 UTC,anyone ranked outside top 500 in OWGR appear as 501
"Tuten, Shad",22986,USA,0,KFT,352,474,-0.715859521925715,2025-02-10 13:05:40 UTC,anyone ranked outside top 500 in OWGR appear as 501
"Cockerill, Aaron",15596,CAN,0,EURO,353,298,-0.720544740670304,2025-02-10 13:05:40 UTC,anyone ranked outside top 500 in OWGR appear as 501
"Kobori, Kazuma",24369,NZL,0,EURO,354,370,-0.729111289822523,2025-02-10 13:05:40 UTC,anyone ranked outside top 500 in OWGR appear as 501
"Wilson, Andrew",25588,ENG,0,EURO,355,387,-0.731618978393298,2025-02-10 13:05:40 UTC,anyone ranked outside top 500 in OWGR appear as 501
"Potgieter, Aldrich",27900,RSA,0,KFT,356,198,-0.732490360615075,2025-02-10 13:05:40 UTC,anyone ranked outside top 500 in OWGR appear as 501
"Sato, Taihei",14371,JPN,0,JPN,357,439,-0.733086105919274,2025-02-10 13:05:40 UTC,anyone ranked outside top 500 in OWGR appear as 501
"Johnston, Ryggs",32449,USA,0,EURO,358,295,-0.734439316548444,2025-02-10 13:05:40 UTC,anyone ranked outside top 500 in OWGR appear as 501
"McGirt, William",12477,USA,0,PGA,359,501,-0.735083550695998,2025-02-10 13:05:40 UTC,anyone ranked outside top 500 in OWGR appear as 501
"Coody, Parker",27870,USA,0,PGA,360,383,-0.738868635216563,2025-02-10 13:05:40 UTC,anyone ranked outside top 500 in OWGR appear as 501
"Kozuma, Jinichiro",14209,JPN,0,ASA,361,445,-0.740768891073166,2025-02-10 13:05:40 UTC,anyone ranked outside top 500 in OWGR appear as 501
"Diaz, Roberto",15394,MEX,0,KFT,362,491,-0.740788582283052,2025-02-10 13:05:40 UTC,anyone ranked outside top 500 in OWGR appear as 501
"Clements, Todd",22608,ENG,0,EURO,363,294,-0.743414088948228,2025-02-10 13:05:40 UTC,anyone ranked outside top 500 in OWGR appear as 501
"Dou, Zecheng",16757,CHN,0,KFT,364,471,-0.744953839767566,2025-02-10 13:05:40 UTC,anyone ranked outside top 500 in OWGR appear as 501
"Valimaki, Sami",23816,FIN,0,PGA,365,167,-0.753666725712202,2025-02-10 13:05:40 UTC,anyone ranked outside top 500 in OWGR appear as 501
"Molinari, Francesco",7655,ITA,0,PGA,366,501,-0.759509440608566,2025-02-10 13:05:40 UTC,anyone ranked outside top 500 in OWGR appear as 501
"Southgate, Matthew",15191,ENG,0,EURO,367,326,-0.765807131022125,2025-02-10 13:05:40 UTC,anyone ranked outside top 500 in OWGR appear as 501
"Watson, Bubba",7334,USA,0,LIV,368,501,-0.767063400209563,2025-02-10 13:05:40 UTC,anyone ranked outside top 500 in OWGR appear as 501
"Aiken, Thomas",7679,RSA,0,EURO,369,412,-0.768187865651762,2025-02-10 13:05:40 UTC,anyone ranked outside top 500 in OWGR appear as 501
"Van Driel, Darius",13374,NED,0,EURO,370,261,-0.769727480807201,2025-02-10 13:05:40 UTC,anyone ranked outside top 500 in OWGR appear as 501
"Taylor, Ben",19948,ENG,0,PGA,371,501,-0.772019508402727,2025-02-10 13:05:40 UTC,anyone ranked outside top 500 in OWGR appear as 501
"Mazzoli, Stefano",20844,ITA,0,ASA,372,395,-0.772400706342974,2025-02-10 13:05:40 UTC,anyone ranked outside top 500 in OWGR appear as 501
"Poulter, Ian",1435,ENG,0,LIV,373,501,-0.77318313616424,2025-02-10 13:05:40 UTC,anyone ranked outside top 500 in OWGR appear as 501
"Ravetto, David",23416,FRA,0,EURO,374,177,-0.774317630230737,2025-02-10 13:05:40 UTC,anyone ranked outside top 500 in OWGR appear as 501
"Riedel, Matthew",30892,USA,0,KFT,375,501,-0.775301785267398,2025-02-10 13:05:40 UTC,anyone ranked outside top 500 in OWGR appear as 501
"Maguire, MJ",19453,USA,0,ASA,376,332,-0.776709849105856,2025-02-10 13:05:40 UTC,anyone ranked outside top 500 in OWGR appear as 501
"Vincent, Kieran",19538,ZIM,0,ASA,377,377,-0.777223323505713,2025-02-10 13:05:40 UTC,anyone ranked outside top 500 in OWGR appear as 501
"Ford, David",31343,USA,1,AM,378,501,-0.782779434905783,2025-02-10 13:05:40 UTC,anyone ranked outside top 500 in OWGR appear as 501
"Crowe, Trace",27780,USA,0,PGA,379,255,-0.783400131075662,2025-02-10 13:05:40 UTC,anyone ranked outside top 500 in OWGR appear as 501
"Morrison, Tommy",32593,USA,1,AM,380,501,-0.785312503726652,2025-02-10 13:05:40 UTC,anyone ranked outside top 500 in OWGR appear as 501
"Song, Younghan",16160,KOR,0,JPN,381,310,-0.786343874998128,2025-02-10 13:05:40 UTC,anyone ranked outside top 500 in OWGR appear as 501
"Hidalgo, Angel",24127,ESP,0,EURO,382,184,-0.789706520070079,2025-02-10 13:05:40 UTC,anyone ranked outside top 500 in OWGR appear as 501
"Katsuragawa, Yuto",20448,JPN,0,EURO,383,269,-0.793402806976661,2025-02-10 13:05:40 UTC,anyone ranked outside top 500 in OWGR appear as 501
"Todd, Brendon",12425,USA,0,PGA,384,130,-0.794848931957212,2025-02-10 13:05:40 UTC,anyone ranked outside top 500 in OWGR appear as 501
"Donald, Luke",4163,ENG,0,EURO,385,501,-0.795707134028784,2025-02-10 13:05:40 UTC,anyone ranked outside top 500 in OWGR appear as 501
"Kieffer, Maximilian",12317,GER,0,EURO,386,352,-0.798253791609708,2025-02-10 13:05:40 UTC,anyone ranked outside top 500 in OWGR appear as 501
"Kang, Kyungnam",7578,KOR,0,KOR,387,422,-0.803643224180092,2025-02-10 13:05:40 UTC,anyone ranked outside top 500 in OWGR appear as 501
"Gouveia, Ricardo",18722,POR,0,EURO,388,354,-0.810161483715957,2025-02-10 13:05:40 UTC,anyone ranked outside top 500 in OWGR appear as 501
"Skinns, David",10873,ENG,0,PGA,389,237,-0.81379448959768,2025-02-10 13:05:40 UTC,anyone ranked outside top 500 in OWGR appear as 501
"Gabrelcik, Nick",30767,USA,0,KFT,390,499,-0.815320455172333,2025-02-10 13:05:40 UTC,anyone ranked outside top 500 in OWGR appear as 501
"Luck, Curtis",16842,AUS,0,KFT,391,326,-0.82213329190636,2025-02-10 13:05:40 UTC,anyone ranked outside top 500 in OWGR appear as 501
"Sharma, Shubhankar",17081,IND,0,EURO,392,249,-0.822933096670826,2025-02-10 13:05:40 UTC,anyone ranked outside top 500 in OWGR appear as 501
"Hitt, Austin",28542,USA,0,KFT,393,436,-0.824084140039513,2025-02-10 13:05:40 UTC,anyone ranked outside top 500 in OWGR appear as 501
"Teater, Josh",8085,USA,0,PGA,394,311,-0.826862641522281,2025-02-10 13:05:40 UTC,anyone ranked outside top 500 in OWGR appear as 501
"Langer, Bernhard",290,GER,0,CHAMP,395,501,-0.83481431968343,2025-02-10 13:05:40 UTC,anyone ranked outside top 500 in OWGR appear as 501
"Gomez, Fabian",8571,ARG,0,KFT,396,479,-0.843164232876761,2025-02-10 13:05:40 UTC,anyone ranked outside top 500 in OWGR appear as 501
"Brennan, Michael",29197,USA,0,PTA,397,501,-0.845303590965584,2025-02-10 13:05:40 UTC,anyone ranked outside top 500 in OWGR appear as 501
"Ishikawa, Ryo",12232,JPN,0,JPN,398,218,-0.845505405547205,2025-02-10 13:05:40 UTC,anyone ranked outside top 500 in OWGR appear as 501
"Korhonen, Mikko",9252,FIN,0,EURO,399,501,-0.845819903340529,2025-02-10 13:05:40 UTC,anyone ranked outside top 500 in OWGR appear as 501
"Ikemura, Tomoyo",18809,JPN,0,ASA,400,444,-0.846310638917279,2025-02-10 13:05:40 UTC,anyone ranked outside top 500 in OWGR appear as 501
"Dantorp, Jens",14018,SWE,0,EURO,401,347,-0.846319364713805,2025-02-10 13:05:40 UTC,anyone ranked outside top 500 in OWGR appear as 501
"Lindheim, Nicholas",16713,USA,0,PGA,402,492,-0.857047702798706,2025-02-10 13:05:40 UTC,anyone ranked outside top 500 in OWGR appear as 501
"Stanger, Jimmy",23048,USA,0,PGA,403,341,-0.85904583183567,2025-02-10 13:05:40 UTC,anyone ranked outside top 500 in OWGR appear as 501
"Thomas, Rayhan",21234,IND,0,AM,404,501,-0.863674387385021,2025-02-10 13:05:40 UTC,anyone ranked outside top 500 in OWGR appear as 501
"Sloan, Roger",14050,CAN,0,PGA,405,360,-0.865130962132033,2025-02-10 13:05:40 UTC,anyone ranked outside top 500 in OWGR appear as 501
"Willett, Danny",12920,ENG,0,PGA,406,416,-0.867033850990628,2025-02-10 13:05:40 UTC,anyone ranked outside top 500 in OWGR appear as 501
"Kim, Minkyu",20780,KOR,0,KOR,407,235,-0.871787156856497,2025-02-10 13:05:40 UTC,anyone ranked outside top 500 in OWGR appear as 501
"Williams, Robin",24093,RSA,0,EURO,408,219,-0.871908845174411,2025-02-10 13:05:40 UTC,anyone ranked outside top 500 in OWGR appear as 501
"Els, Ernie",874,RSA,0,CHAMP,409,501,-0.87603162288351,2025-02-10 13:05:40 UTC,anyone ranked outside top 500 in OWGR appear as 501
"Maguire, Jack",19869,USA,0,KFT,410,451,-0.877427497307827,2025-02-10 13:05:40 UTC,anyone ranked outside top 500 in OWGR appear as 501
"Steelman, Ross",31192,USA,0,KFT,411,390,-0.879523386172355,2025-02-10 13:05:40 UTC,anyone ranked outside top 500 in OWGR appear as 501
"Winstead, Trey",31251,USA,0,KFT,412,337,-0.880379172704972,2025-02-10 13:05:40 UTC,anyone ranked outside top 500 in OWGR appear as 501
"Larrazabal, Pablo",9133,ESP,0,EURO,413,222,-0.883394675648631,2025-02-10 13:05:40 UTC,anyone ranked outside top 500 in OWGR appear as 501
"Senior, Jack",15115,ENG,0,CHA,414,398,-0.884955488722944,2025-02-10 13:05:40 UTC,anyone ranked outside top 500 in OWGR appear as 501
"Kho, Taichi",24298,HKG,0,ASA,415,475,-0.885898152689688,2025-02-10 13:05:40 UTC,anyone ranked outside top 500 in OWGR appear as 501
"Kim, Hanbyeol",18484,KOR,0,KOR,416,501,-0.886598173494283,2025-02-10 13:05:40 UTC,anyone ranked outside top 500 in OWGR appear as 501
"Vogel, T.J.",17280,USA,0,KFT,417,501,-0.887802134673754,2025-02-10 13:05:40 UTC,anyone ranked outside top 500 in OWGR appear as 501
"Siem, Marcel",6950,GER,0,EURO,418,203,-0.88859077231227,2025-02-10 13:05:40 UTC,anyone ranked outside top 500 in OWGR appear as 501
"Rottluff, Max",19899,GER,0,EURO,419,397,-0.890964484490994,2025-02-10 13:05:40 UTC,anyone ranked outside top 500 in OWGR appear as 501
"Forrest, Grant",16475,SCO,0,EURO,420,220,-0.896691871044691,2025-02-10 13:05:40 UTC,anyone ranked outside top 500 in OWGR appear as 501
"Ballester, Jose Luis",28473,ESP,1,AM,421,501,-0.897265857480589,2025-02-10 13:05:40 UTC,anyone ranked outside top 500 in OWGR appear as 501
"Tarren, Callum",20519,ENG,0,PGA,422,443,-0.898431832678642,2025-02-10 13:05:40 UTC,anyone ranked outside top 500 in OWGR appear as 501
"Snyman, Ian",26000,RSA,0,ASA,423,501,-0.90216251227419,2025-02-10 13:05:40 UTC,anyone ranked outside top 500 in OWGR appear as 501
"Pepperell, Eddie",15113,ENG,0,EURO,424,406,-0.903604596880085,2025-02-10 13:05:40 UTC,anyone ranked outside top 500 in OWGR appear as 501
"Iwata, Hiroshi",9099,JPN,0,JPN,425,291,-0.907989559206409,2025-02-10 13:05:40 UTC,anyone ranked outside top 500 in OWGR appear as 501
"Prateeptienchai, Suteepat",21231,THA,0,ASA,426,245,-0.918071422851587,2025-02-10 13:05:40 UTC,anyone ranked outside top 500 in OWGR appear as 501
"Schmidt, Ben",27258,ENG,0,CHA,427,489,-0.919140251765251,2025-02-10 13:05:40 UTC,anyone ranked outside top 500 in OWGR appear as 501
"Schwab, Matthias",15016,AUT,0,EURO,428,501,-0.920889150174774,2025-02-10 13:05:40 UTC,anyone ranked outside top 500 in OWGR appear as 501
"Valdes, Brendan",31188,USA,1,AM,429,501,-0.922719162227846,2025-02-10 13:05:40 UTC,anyone ranked outside top 500 in OWGR appear as 501
"Frittelli, Dylan",11955,RSA,0,EURO,430,325,-0.926385642356272,2025-02-10 13:05:40 UTC,anyone ranked outside top 500 in OWGR appear as 501
"Xiong, Norman",24354,USA,0,PGA,431,371,-0.92861556539089,2025-02-10 13:05:40 UTC,anyone ranked outside top 500 in OWGR appear as 501
"Ogiso, Takashi",18382,JPN,0,JPN,432,359,-0.93422216452492,2025-02-10 13:05:40 UTC,anyone ranked outside top 500 in OWGR appear as 501
"Alexander, Tyson",14002,USA,0,PGA,433,424,-0.934306743246899,2025-02-10 13:05:40 UTC,anyone ranked outside top 500 in OWGR appear as 501
"Dougherty, Kevin",19738,USA,0,PGA,434,498,-0.934409729402942,2025-02-10 13:05:40 UTC,anyone ranked outside top 500 in OWGR appear as 501
"Molinari, Edoardo",7033,ITA,0,EURO,435,501,-0.934971621699005,2025-02-10 13:05:40 UTC,anyone ranked outside top 500 in OWGR appear as 501
"Hahn, James",11374,USA,0,PGA,436,501,-0.941706675404851,2025-02-10 13:05:40 UTC,anyone ranked outside top 500 in OWGR appear as 501
"Maas, Christiaan",27947,RSA,1,AM,437,501,-0.941742858614244,2025-02-10 13:05:40 UTC,anyone ranked outside top 500 in OWGR appear as 501
"Schott, Frederik",27588,GER,0,EURO,438,408,-0.942891061738241,2025-02-10 13:05:40 UTC,anyone ranked outside top 500 in OWGR appear as 501
"Weiler, Joe",30621,USA,0,KFT,439,423,-0.943204769293342,2025-02-10 13:05:40 UTC,anyone ranked outside top 500 in OWGR appear as 501
"Crick, Brandon",14847,USA,0,KFT,440,379,-0.944865826490058,2025-02-10 13:05:40 UTC,anyone ranked outside top 500 in OWGR appear as 501
"Villegas, Camilo",9171,COL,0,PGA,441,240,-0.94953659871063,2025-02-10 13:05:40 UTC,anyone ranked outside top 500 in OWGR appear as 501
"Aphibarnrat, Kiradech",12321,THA,0,EURO,442,301,-0.950871547928191,2025-02-10 13:05:40 UTC,anyone ranked outside top 500 in OWGR appear as 501
"Steinlechner, Maximilian",21677,AUT,0,CHA,443,413,-0.953851486119821,2025-02-10 13:05:40 UTC,anyone ranked outside top 500 in OWGR appear as 501
"Velo, Kevin",27762,USA,0,KFT,444,316,-0.95462372714462,2025-02-10 13:05:40 UTC,anyone ranked outside top 500 in OWGR appear as 501
"Buckley, Hayden",25363,USA,0,PGA,445,323,-0.964015861941965,2025-02-10 13:05:40 UTC,anyone ranked outside top 500 in OWGR appear as 501
"Harkins, Brandon",15427,USA,0,KFT,446,501,-0.964032409151873,2025-02-10 13:05:40 UTC,anyone ranked outside top 500 in OWGR appear as 501
"Takeyasu, Shunya",14663,JPN,0,JPN,447,501,-0.96680473795688,2025-02-10 13:05:40 UTC,anyone ranked outside top 500 in OWGR appear as 501
"Smylie, Elvis",24200,AUS,0,EURO,448,204,-0.967188229398559,2025-02-10 13:05:40 UTC,anyone ranked outside top 500 in OWGR appear as 501
"Andersen, Mason",23540,USA,0,KFT,449,353,-0.968055729377071,2025-02-10 13:05:40 UTC,anyone ranked outside top 500 in OWGR appear as 501
"Pak, John",27820,USA,0,KFT,450,257,-0.96861131470959,2025-02-10 13:05:40 UTC,anyone ranked outside top 500 in OWGR appear as 501
"Shinkwin, Callum",18244,ENG,0,EURO,451,438,-0.971144991122263,2025-02-10 13:05:40 UTC,anyone ranked outside top 500 in OWGR appear as 501
"Baddeley, Aaron",6252,AUS,0,PGA,452,351,-0.973753477822378,2025-02-10 13:05:40 UTC,anyone ranked outside top 500 in OWGR appear as 501
"Rutherford, Jamie",18555,ENG,0,CHA,453,345,-0.9790531194924,2025-02-10 13:05:40 UTC,anyone ranked outside top 500 in OWGR appear as 501
"McCarthy, Dan",11594,USA,0,KFT,454,501,-0.97981039129299,2025-02-10 13:05:40 UTC,anyone ranked outside top 500 in OWGR appear as 501
"Werenski, Richy",19364,USA,0,KFT,455,470,-0.984363362637666,2025-02-10 13:05:40 UTC,anyone ranked outside top 500 in OWGR appear as 501
"Bateman, Wilson",15499,CAN,0,KFT,456,501,-0.991668017349519,2025-02-10 13:05:40 UTC,anyone ranked outside top 500 in OWGR appear as 501
"Purcell, Conor",25963,IRL,0,CHA,457,299,-0.994032814519917,2025-02-10 13:05:40 UTC,anyone ranked outside top 500 in OWGR appear as 501
"Ritchie, JC",18174,RSA,0,CHA,458,501,-0.994539758897972,2025-02-10 13:05:40 UTC,anyone ranked outside top 500 in OWGR appear as 501
"Kaymer, Martin",8117,GER,0,LIV,459,501,-0.997328815252153,2025-02-10 13:05:40 UTC,anyone ranked outside top 500 in OWGR appear as 501
"Nemecz, Lukas",13089,AUT,0,EURO,460,460,-0.997389432826057,2025-02-10 13:05:40 UTC,anyone ranked outside top 500 in OWGR appear as 501
"Sordet, Clement",17718,FRA,0,EURO,461,501,-1.00202248062089,2025-02-10 13:05:40 UTC,anyone ranked outside top 500 in OWGR appear as 501
"Ortiz Becerra, Alvaro",26190,MEX,0,KFT,462,432,-1.00352732851922,2025-02-10 13:05:40 UTC,anyone ranked outside top 500 in OWGR appear as 501
"Hebert, Benjamin",12213,FRA,0,CHA,463,430,-1.00375909987279,2025-02-10 13:05:40 UTC,anyone ranked outside top 500 in OWGR appear as 501
"Ahlers, Jaco",11852,RSA,0,ASA,464,402,-1.00824991168275,2025-02-10 13:05:40 UTC,anyone ranked outside top 500 in OWGR appear as 501
"Penge, Marco",22465,ENG,0,EURO,465,459,-1.00861416697982,2025-02-10 13:05:40 UTC,anyone ranked outside top 500 in OWGR appear as 501
"Halvorsen, Andreas",17747,NOR,0,CHA,466,461,-1.00966092618693,2025-02-10 13:05:40 UTC,anyone ranked outside top 500 in OWGR appear as 501
"Khongwatmai, Phachara",18149,THA,0,ASA,467,356,-1.01093564057801,2025-02-10 13:05:40 UTC,anyone ranked outside top 500 in OWGR appear as 501
"Campos, Rafael",12909,PUR,0,PGA,468,180,-1.01116560716071,2025-02-10 13:05:40 UTC,anyone ranked outside top 500 in OWGR appear as 501
"Seiffert, Chase",17509,USA,0,KFT,469,501,-1.01231784865312,2025-02-10 13:05:40 UTC,anyone ranked outside top 500 in OWGR appear as 501
"Lewis, Bryce",31285,USA,0,PTA,470,501,-1.01330552047413,2025-02-10 13:05:40 UTC,anyone ranked outside top 500 in OWGR appear as 501
"Robertson, Graeme",17792,SCO,0,TPT,471,501,-1.01356253759542,2025-02-10 13:05:40 UTC,anyone ranked outside top 500 in OWGR appear as 501
"Scott, Sandy",23708,SCO,0,PTA,472,501,-1.02153465505904,2025-02-10 13:05:40 UTC,anyone ranked outside top 500 in OWGR appear as 501
"Fisher, Ross",9396,ENG,0,EURO,473,458,-1.025915834882,2025-02-10 13:05:40 UTC,anyone ranked outside top 500 in OWGR appear as 501
"Summerhays, Preston",26746,USA,1,AM,474,501,-1.02712484849889,2025-02-10 13:05:40 UTC,anyone ranked outside top 500 in OWGR appear as 501
"Hosono, Yusaku",25797,JPN,0,JPN,475,501,-1.02714261857361,2025-02-10 13:05:40 UTC,anyone ranked outside top 500 in OWGR appear as 501
"Westwood, Lee",4052,ENG,0,LIV,476,501,-1.02991331106128,2025-02-10 13:05:40 UTC,anyone ranked outside top 500 in OWGR appear as 501
"Shogenji, Tatsunori",21921,JPN,0,ASA,477,435,-1.03515938934313,2025-02-10 13:05:40 UTC,anyone ranked outside top 500 in OWGR appear as 501
"Bae, Sangmoon",10081,KOR,0,PGA,478,501,-1.03813675782812,2025-02-10 13:05:40 UTC,anyone ranked outside top 500 in OWGR appear as 501
"Welch, Patrick",30429,USA,0,KFT,479,501,-1.03824588580102,2025-02-10 13:05:40 UTC,anyone ranked outside top 500 in OWGR appear as 501
"Inamori, Yuki",16165,JPN,0,JPN,480,382,-1.04598645436462,2025-02-10 13:05:40 UTC,anyone ranked outside top 500 in OWGR appear as 501
"Charoenkul, Gunn",14128,THA,0,ASA,481,485,-1.04657304378758,2025-02-10 13:05:40 UTC,anyone ranked outside top 500 in OWGR appear as 501
"Merritt, Troy",13367,USA,0,PGA,482,357,-1.04747119532071,2025-02-10 13:05:40 UTC,anyone ranked outside top 500 in OWGR appear as 501
"Olesen, Jacob Skov",25611,DEN,0,EURO,483,501,-1.05068030779567,2025-02-10 13:05:40 UTC,anyone ranked outside top 500 in OWGR appear as 501
"Sampson Yunhe, Zheng",26764,CHN,0,ASA,484,501,-1.05531354289574,2025-02-10 13:05:40 UTC,anyone ranked outside top 500 in OWGR appear as 501
"Wang, Jeunghun",15366,KOR,0,ASA,485,415,-1.06067248316477,2025-02-10 13:05:40 UTC,anyone ranked outside top 500 in OWGR appear as 501
"Sherwood, Cole",32312,USA,0,KFT,486,501,-1.06519949014588,2025-02-10 13:05:40 UTC,anyone ranked outside top 500 in OWGR appear as 501
"Nunez, Augusto",16796,ARG,0,KFT,487,501,-1.06527173736358,2025-02-10 13:05:40 UTC,anyone ranked outside top 500 in OWGR appear as 501
"Sugiura, Yuta",24223,JPN,0,JPN,488,185,-1.07082415607747,2025-02-10 13:05:40 UTC,anyone ranked outside top 500 in OWGR appear as 501
"Pulkkanen, Tapio",13139,FIN,0,CHA,489,410,-1.07483563210379,2025-02-10 13:05:40 UTC,anyone ranked outside top 500 in OWGR appear as 501
"Ormsby, Wade",7532,AUS,0,ASA,490,488,-1.07556135750924,2025-02-10 13:05:40 UTC,anyone ranked outside top 500 in OWGR appear as 501
"Ogletree, Andy",27597,USA,0,LIV,491,501,-1.07786677877526,2025-02-10 13:05:40 UTC,anyone ranked outside top 500 in OWGR appear as 501
"Mory, Felix",25089,FRA,0,CHA,492,501,-1.07870317362725,2025-02-10 13:05:40 UTC,anyone ranked outside top 500 in OWGR appear as 501
"Akutsu, Mikiya",15726,JPN,0,JPN,493,464,-1.08149785389316,2025-02-10 13:05:40 UTC,anyone ranked outside top 500 in OWGR appear as 501
"Sargent, Gordon",30814,USA,1,AM,494,501,-1.08385211492193,2025-02-10 13:05:40 UTC,anyone ranked outside top 500 in OWGR appear as 501
"Piercy, Scott",7899,USA,0,PGA,495,501,-1.09089099650644,2025-02-10 13:05:40 UTC,anyone ranked outside top 500 in OWGR appear as 501
"Young, Daniel",19908,SCO,0,CHA,496,501,-1.09129499949847,2025-02-10 13:05:40 UTC,anyone ranked outside top 500 in OWGR appear as 501
"Malnati, Peter",14926,USA,0,PGA,497,145,-1.09772345414078,2025-02-10 13:05:40 UTC,anyone ranked outside top 500 in OWGR appear as 501
"Blanchet, Chandler",24956,USA,0,KFT,498,501,-1.0995810859291,2025-02-10 13:05:40 UTC,anyone ranked outside top 500 in OWGR appear as 501
"Hugo, Jean",6304,RSA,0,AFR,499,501,-1.10122746610901,2025-02-10 13:05:40 UTC,anyone ranked outside top 500 in OWGR appear as 501
"Nabetani, Taichi",16464,JPN,0,JPN,500,429,-1.10211877031324,2025-02-10 13:05:40 UTC,anyone ranked outside top 500 in OWGR appear as 501
