player_name,event_completed,unique_event_id,event_name,r4_delta,owgr_rank,datagolf_rank,dg_skill_estimate,bin_100,bin_40,loser_key,last_loss_event,last_loss_date,instances
"Aberg, Ludvig",2024-07-14,2024541,Genesis Scottish Open,0.0,6,17,1.24,1-100,1-40,"('Aberg, Ludvig', '2024541')",Genesis Scottish Open,2024-07-14,1
"An, Byeong Hun",2019-08-04,201913,Wyndham Championship,0.0,26,28,0.97,1-100,1-40,"('An, Byeong Hun', '201913')",Wyndham Championship,2019-08-04,3
"An, Byeong Hun",2018-07-29,201832,RBC Canadian Open,0.0,26,28,0.97,1-100,1-40,"('An, Byeong Hun', '201832')",Wyndham Championship,2019-08-04,3
"An, Byeong Hun",2017-02-05,20173,Waste Management Phoenix Open,0.0,26,28,0.97,1-100,1-40,"('An, Byeong Hun', '20173')",Wyndham Championship,2019-08-04,3
"Ancer, Abraham",2020-06-21,202012,RBC Heritage,0.0,440,58,0.6,1-100,41-80,"('Ancer, Abraham', '202012')",Dell Technologies Championship,2018-09-03,3
"Ancer, Abraham",2018-09-03,2018505,Dell Technologies Championship,0.0,440,58,0.6,1-100,41-80,"('Ancer, Abraham', '2018505')",Dell Technologies Championship,2018-09-03,3
"Ancer, Abraham",2018-07-01,2018471,Quicken Loans National,0.0,440,58,0.6,1-100,41-80,"('Ancer, Abraham', '2018471')",Dell Technologies Championship,2018-09-03,3
"Baddeley, Aaron",2019-02-24,2019483,Puerto Rico Open,0.0,341,449,-0.97,401-500,441-500,"('Baddeley, Aaron', '2019483')",Puerto Rico Open,2019-02-24,1
"Berger, Daniel",2022-02-27,202210,The Honda Classic,0.0,120,110,0.28,101-200,81-120,"('Berger, Daniel', '202210')",The Honda Classic,2022-02-27,2
"Berger, Daniel",2018-06-17,201826,U.S. Open,0.0,120,110,0.28,101-200,81-120,"('Berger, Daniel', '201826')",The Honda Classic,2022-02-27,2
"Bhatia, Akshay",2024-06-30,2024524,Rocket Mortgage Classic,0.0,30,34,0.81,1-100,1-40,"('Bhatia, Akshay', '2024524')",Rocket Mortgage Classic,2024-06-30,1
"Bradley, Keegan",2024-01-14,20246,Sony Open in Hawaii,0.0,13,29,0.96,1-100,1-40,"('Bradley, Keegan', '20246')",Wells Fargo Championship,2022-05-08,3
"Bradley, Keegan",2022-05-08,2022480,Wells Fargo Championship,0.0,13,29,0.96,1-100,1-40,"('Bradley, Keegan', '2022480')",Wells Fargo Championship,2022-05-08,3
"Bradley, Keegan",2021-05-02,2021475,Valspar Championship,0.0,13,29,0.96,1-100,1-40,"('Bradley, Keegan', '2021475')",Wells Fargo Championship,2022-05-08,3
"Bryan, Wesley",2024-04-21,2024522,Corales Puntacana Championship,0.0,214,220,-0.29,201-300,201-240,"('Bryan, Wesley', '2024522')",Corales Puntacana Championship,2024-04-21,1
"Buckley, Hayden",2023-01-15,20236,Sony Open in Hawaii,0.0,319,446,-0.96,401-500,441-500,"('Buckley, Hayden', '20236')",Sony Open in Hawaii,2023-01-15,1
"Burns, Sam",2021-05-16,202119,AT&T Byron Nelson,0.0,24,16,1.31,1-100,1-40,"('Burns, Sam', '202119')",Vivint Houston Open,2020-11-08,3
"Burns, Sam",2021-02-21,20217,The Genesis Invitational,0.0,24,16,1.31,1-100,1-40,"('Burns, Sam', '20217')",Vivint Houston Open,2020-11-08,3
"Burns, Sam",2020-11-08,202120,Vivint Houston Open,0.0,24,16,1.31,1-100,1-40,"('Burns, Sam', '202120')",Vivint Houston Open,2020-11-08,3
"Campos, Rafael",2021-03-28,2021534,Corales Puntacana Resort & Club Championship #2,0.0,172,463,-1.0,401-500,441-500,"('Campos, Rafael', '2021534')",Corales Puntacana Resort & Club Championship #2,2021-03-28,2
"Campos, Rafael",2021-02-28,2021483,Puerto Rico Open,0.0,172,463,-1.0,401-500,441-500,"('Campos, Rafael', '2021483')",Corales Puntacana Resort & Club Championship #2,2021-03-28,2
"Cantlay, Patrick",2024-02-18,20247,The Genesis Invitational,0.0,12,13,1.42,1-100,1-40,"('Cantlay, Patrick', '20247')",Shriners Children's Open,2022-10-09,3
"Cantlay, Patrick",2022-10-09,202347,Shriners Children's Open,0.0,12,13,1.42,1-100,1-40,"('Cantlay, Patrick', '202347')",Shriners Children's Open,2022-10-09,3
"Cantlay, Patrick",2020-10-11,202147,Shriners Hospitals for Children Open,0.0,12,13,1.42,1-100,1-40,"('Cantlay, Patrick', '202147')",Shriners Children's Open,2022-10-09,3
"Casey, Paul",2019-02-10,20195,AT&T Pebble Beach Pro-Am,0.0,501,89,0.38,1-100,81-120,"('Casey, Paul', '20195')",Travelers Championship,2018-06-24,3
"Casey, Paul",2018-06-24,201834,Travelers Championship,0.0,501,89,0.38,1-100,81-120,"('Casey, Paul', '201834')",Travelers Championship,2018-06-24,3
"Casey, Paul",2017-09-24,201760,TOUR Championship,0.0,501,89,0.38,1-100,81-120,"('Casey, Paul', '201760')",Travelers Championship,2018-06-24,3
"Cink, Stewart",2017-06-11,201725,FedEx St. Jude Classic,0.0,365,231,-0.34,201-300,201-240,"('Cink, Stewart', '201725')",FedEx St. Jude Classic,2017-06-11,1
"Clark, Wyndham",2019-03-03,201910,The Honda Classic,0.0,7,63,0.54,1-100,41-80,"('Clark, Wyndham', '201910')",The Honda Classic,2019-03-03,1
"Cone, Trevor",2023-07-16,2023518,Barbasol Championship,0.0,373,338,-0.69,301-400,321-360,"('Cone, Trevor', '2023518')",Barbasol Championship,2023-07-16,1
"Conners, Corey",2018-03-11,2018475,Valspar Championship,0.0,47,20,1.12,1-100,1-40,"('Conners, Corey', '2018475')",Valspar Championship,2018-03-11,1
"Coody, Pierceson",2024-07-14,2024518,ISCO Championship,0.0,190,186,-0.16,101-200,161-200,"('Coody, Pierceson', '2024518')",ISCO Championship,2024-07-14,1
"Dahmen, Joel",2019-05-05,2019480,Wells Fargo Championship,0.0,209,188,-0.16,101-200,161-200,"('Dahmen, Joel', '2019480')",Wells Fargo Championship,2019-05-05,1
"Davis, Cameron",2020-10-04,202154,Sanderson Farms Championship,0.0,44,56,0.63,1-100,41-80,"('Davis, Cameron', '202154')",Sanderson Farms Championship,2020-10-04,1
"Day, Jason",2022-01-29,20224,Farmers Insurance Open,0.0,32,25,1.01,1-100,1-40,"('Day, Jason', '20224')",Farmers Insurance Open,2022-01-29,1
"DeChambeau, Bryson",2021-08-29,202128,BMW Championship,0.0,10,12,1.43,1-100,1-40,"('DeChambeau, Bryson', '202128')",3M Open,2019-07-07,2
"DeChambeau, Bryson",2019-07-07,2019525,3M Open,0.0,10,12,1.43,1-100,1-40,"('DeChambeau, Bryson', '2019525')",3M Open,2019-07-07,2
"Detry, Thomas",2024-03-31,202420,Texas Children's Houston Open,0.0,58,61,0.54,1-100,41-80,"('Detry, Thomas', '202420')",Texas Children's Houston Open,2024-03-31,1
"Docherty, Alistair",2024-12-15,202488,PGA TOUR Q-School presented by Korn Ferry,0.0,220,165,-0.04,101-200,161-200,"('Docherty, Alistair', '202488')",PGA TOUR Q-School presented by Korn Ferry,2024-12-15,1
"Dou, Zecheng",2023-05-14,202319,AT&T Byron Nelson,0.0,463,379,-0.79,301-400,361-400,"('Dou, Zecheng', '202319')",AT&T Byron Nelson,2023-05-14,1
"Duncan, Tyler",2017-10-08,2018464,Safeway Open,0.0,327,286,-0.51,201-300,281-320,"('Duncan, Tyler', '2018464')",Safeway Open,2017-10-08,1
"Eckroat, Austin",2023-05-14,202319,AT&T Byron Nelson,0.0,37,46,0.69,1-100,41-80,"('Eckroat, Austin', '202319')",AT&T Byron Nelson,2023-05-14,1
"English, Harris",2021-08-08,2021476,World Golf Championships-FedEx St. Jude Invitational,0.0,35,77,0.45,1-100,41-80,"('English, Harris', '2021476')",World Golf Championships-FedEx St. Jude Invitational,2021-08-08,1
"Finau, Tony",2022-06-12,202232,RBC Canadian Open,0.0,28,23,1.05,1-100,1-40,"('Finau, Tony', '202232')",World Golf Championships-HSBC Champions,2018-10-28,6
"Finau, Tony",2021-01-24,20212,The American Express,0.0,28,23,1.05,1-100,1-40,"('Finau, Tony', '20212')",World Golf Championships-HSBC Champions,2018-10-28,6
"Finau, Tony",2020-02-02,20203,Waste Management Phoenix Open,0.0,28,23,1.05,1-100,1-40,"('Finau, Tony', '20203')",World Golf Championships-HSBC Champions,2018-10-28,6
"Finau, Tony",2018-12-02,2019478,Hero World Challenge,0.0,28,23,1.05,1-100,1-40,"('Finau, Tony', '2019478')",World Golf Championships-HSBC Champions,2018-10-28,6
"Finau, Tony",2018-10-28,2019489,World Golf Championships-HSBC Champions,0.0,28,23,1.05,1-100,1-40,"('Finau, Tony', '2019489')",World Golf Championships-HSBC Champions,2018-10-28,6
"Finau, Tony",2018-06-17,201826,U.S. Open,0.0,28,23,1.05,1-100,1-40,"('Finau, Tony', '201826')",World Golf Championships-HSBC Champions,2018-10-28,6
"Fitzpatrick, Matt",2023-08-20,202328,BMW Championship,0.0,53,47,0.69,1-100,41-80,"('Fitzpatrick, Matt', '202328')",BMW Championship,2023-08-20,1
"Fleetwood, Tommy",2020-03-01,202010,The Honda Classic,0.0,11,11,1.44,1-100,1-40,"('Fleetwood, Tommy', '202010')",The Honda Classic,2020-03-01,1
"Fowler, Rickie",2023-06-18,202326,U.S. Open,0.0,85,75,0.46,1-100,41-80,"('Fowler, Rickie', '202326')",ZOZO CHAMPIONSHIP,2022-10-16,4
"Fowler, Rickie",2022-10-16,2023527,ZOZO CHAMPIONSHIP,0.0,85,75,0.46,1-100,41-80,"('Fowler, Rickie', '2023527')",ZOZO CHAMPIONSHIP,2022-10-16,4
"Fowler, Rickie",2021-10-17,2022521,THE CJ CUP @ SUMMIT,0.0,85,75,0.46,1-100,41-80,"('Fowler, Rickie', '2022521')",ZOZO CHAMPIONSHIP,2022-10-16,4
"Fowler, Rickie",2018-02-04,20183,Waste Management Phoenix Open,0.0,85,75,0.46,1-100,41-80,"('Fowler, Rickie', '20183')",ZOZO CHAMPIONSHIP,2022-10-16,4
"Frittelli, Dylan",2022-04-03,202241,Valero Texas Open,0.0,321,422,-0.9,401-500,400-440,"('Frittelli, Dylan', '202241')",Valero Texas Open,2022-04-03,1
"Gerard, Ryan",2023-07-23,2023472,Barracuda Championship,0.0,187,118,0.24,101-200,81-120,"('Gerard, Ryan', '2023472')",Barracuda Championship,2023-07-23,1
"Gooch, Talor",2022-03-06,20229,Arnold Palmer Invitational presented by Mastercard,0.0,501,96,0.32,1-100,81-120,"('Gooch, Talor', '20229')",Arnold Palmer Invitational presented by Mastercard,2022-03-06,1
"Greyserman, Max",2024-08-11,202413,Wyndham Championship,0.0,34,31,0.89,1-100,1-40,"('Greyserman, Max', '202413')",Wyndham Championship,2024-08-11,1
"Griffin, Ben",2023-10-08,2023544,Sanderson Farms Championship #2,0.0,64,53,0.64,1-100,41-80,"('Griffin, Ben', '2023544')",Sanderson Farms Championship #2,2023-10-08,2
"Griffin, Ben",2022-10-30,2023528,Butterfield Bermuda Championship,0.0,64,53,0.64,1-100,41-80,"('Griffin, Ben', '2023528')",Sanderson Farms Championship #2,2023-10-08,2
"Griffin, Lanto",2023-10-15,2023545,Shriners Children's Open #2,0.0,246,153,0.02,101-200,121-160,"('Griffin, Lanto', '2023545')",Shriners Children's Open #2,2023-10-15,1
"Grillo, Emiliano",2020-12-06,2021457,Mayakoba Golf Classic presented by UNIFIN,0.0,117,158,-0.01,101-200,121-160,"('Grillo, Emiliano', '2021457')",Mayakoba Golf Classic presented by UNIFIN,2020-12-06,2
"Grillo, Emiliano",2020-08-02,2020472,Barracuda Championship,0.0,117,158,-0.01,101-200,121-160,"('Grillo, Emiliano', '2020472')",Mayakoba Golf Classic presented by UNIFIN,2020-12-06,2
"Hadley, Chesson",2021-06-13,2021538,Palmetto Championship at Congaree,0.0,316,281,-0.5,201-300,281-320,"('Hadley, Chesson', '2021538')",Palmetto Championship at Congaree,2021-06-13,1
"Hadwin, Adam",2023-10-15,2023545,Shriners Children's Open #2,0.0,73,144,0.09,101-200,121-160,"('Hadwin, Adam', '2023545')",Shriners Children's Open #2,2023-10-15,2
"Hadwin, Adam",2017-01-22,20172,CareerBuilder Challenge,0.0,73,144,0.09,101-200,121-160,"('Hadwin, Adam', '20172')",Shriners Children's Open #2,2023-10-15,2
"Hahn, James",2020-09-13,2021464,Safeway Open,0.0,501,436,-0.94,401-500,400-440,"('Hahn, James', '2021464')",Safeway Open,2020-09-13,2
"Hahn, James",2017-05-21,201719,AT&T Byron Nelson,0.0,501,436,-0.94,401-500,400-440,"('Hahn, James', '201719')",Safeway Open,2020-09-13,2
"Hall, Harry",2023-05-28,202321,Charles Schwab Challenge,0.0,86,32,0.83,1-100,1-40,"('Hall, Harry', '202321')",Charles Schwab Challenge,2023-05-28,1
"Harman, Brian",2017-06-18,201726,U.S. Open,0.0,36,81,0.43,1-100,81-120,"('Harman, Brian', '201726')",U.S. Open,2017-06-18,1
"Hatton, Tyrrell",2020-06-21,202012,RBC Heritage,0.0,8,6,1.77,1-100,1-40,"('Hatton, Tyrrell', '202012')",RBC Heritage,2020-06-21,1
"Henley, Russell",2022-01-16,20226,Sony Open in Hawaii,0.0,14,10,1.48,1-100,1-40,"('Henley, Russell', '20226')",U.S. Open #2,2021-06-20,4
"Henley, Russell",2021-08-15,202113,Wyndham Championship,0.0,14,10,1.48,1-100,1-40,"('Henley, Russell', '202113')",U.S. Open #2,2021-06-20,4
"Henley, Russell",2021-06-20,2021535,U.S. Open #2,0.0,14,10,1.48,1-100,1-40,"('Henley, Russell', '2021535')",U.S. Open #2,2021-06-20,4
"Henley, Russell",2020-10-18,2021521,THE CJ CUP @ SHADOW CREEK,0.0,14,10,1.48,1-100,1-40,"('Henley, Russell', '2021521')",U.S. Open #2,2021-06-20,4
"Higgs, Harry",2019-11-03,2020528,Bermuda Championship,0.0,164,290,-0.52,201-300,281-320,"('Higgs, Harry', '2020528')",Bermuda Championship,2019-11-03,1
"Hodges, Lee",2022-01-23,20222,The American Express,0.0,81,65,0.52,1-100,41-80,"('Hodges, Lee', '20222')",The American Express,2022-01-23,1
"Hoffman, Charley",2017-12-03,2018478,Hero World Challenge,0.0,95,94,0.34,1-100,81-120,"('Hoffman, Charley', '2018478')",Hero World Challenge,2017-12-03,3
"Hoffman, Charley",2017-07-30,201732,RBC Canadian Open,0.0,95,94,0.34,1-100,81-120,"('Hoffman, Charley', '201732')",Hero World Challenge,2017-12-03,3
"Hoffman, Charley",2017-03-19,20179,Arnold Palmer Invitational presented by Mastercard,0.0,95,94,0.34,1-100,81-120,"('Hoffman, Charley', '20179')",Hero World Challenge,2017-12-03,3
"Hoge, Tom",2018-01-14,20186,Sony Open in Hawaii,0.0,65,55,0.63,1-100,41-80,"('Hoge, Tom', '20186')",Sony Open in Hawaii,2018-01-14,1
"Hojgaard, Nicolai",2023-03-26,2023522,Corales Puntacana Championship,0.0,69,148,0.05,101-200,121-160,"('Hojgaard, Nicolai', '2023522')",Corales Puntacana Championship,2023-03-26,1
"Homa, Max",2021-01-24,20212,The American Express,0.0,57,95,0.33,1-100,81-120,"('Homa, Max', '20212')",The American Express,2021-01-24,1
"Horschel, Billy",2024-07-21,2024100,The Open Championship,0.0,20,42,0.75,1-100,41-80,"('Horschel, Billy', '2024100')",The Open Championship,2024-07-21,3
"Horschel, Billy",2023-08-06,202313,Wyndham Championship,0.0,20,42,0.75,1-100,41-80,"('Horschel, Billy', '202313')",The Open Championship,2024-07-21,3
"Horschel, Billy",2022-03-06,20229,Arnold Palmer Invitational presented by Mastercard,0.0,20,42,0.75,1-100,41-80,"('Horschel, Billy', '20229')",The Open Championship,2024-07-21,3
"Hossler, Beau",2022-04-03,202241,Valero Texas Open,0.0,78,64,0.52,1-100,41-80,"('Hossler, Beau', '202241')",Valero Texas Open,2022-04-03,4
"Hossler, Beau",2022-02-06,20225,AT&T Pebble Beach Pro-Am,0.0,78,64,0.52,1-100,41-80,"('Hossler, Beau', '20225')",Valero Texas Open,2022-04-03,4
"Hossler, Beau",2018-04-01,201820,Houston Open,0.0,78,64,0.52,1-100,41-80,"('Hossler, Beau', '201820')",Valero Texas Open,2022-04-03,4
"Hossler, Beau",2017-11-05,201847,Shriners Hospitals for Children Open,0.0,78,64,0.52,1-100,41-80,"('Hossler, Beau', '201847')",Valero Texas Open,2022-04-03,4
"Hovland, Viktor",2022-07-17,2022100,The Open Championship,0.0,9,22,1.05,1-100,1-40,"('Hovland, Viktor', '2022100')",The Open Championship,2022-07-17,1
"Hubbard, Mark",2022-10-02,202354,Sanderson Farms Championship,0.0,98,113,0.25,101-200,81-120,"('Hubbard, Mark', '202354')",Sanderson Farms Championship,2022-10-02,1
"Hughes, Mackenzie",2021-06-20,2021535,U.S. Open #2,0.0,62,60,0.56,1-100,41-80,"('Hughes, Mackenzie', '2021535')",U.S. Open #2,2021-06-20,1
"Im, Sungjae",2022-08-07,202213,Wyndham Championship,0.0,21,9,1.49,1-100,1-40,"('Im, Sungjae', '202213')",Wyndham Championship,2022-08-07,1
"Jaeger, Stephan",2024-01-27,20244,Farmers Insurance Open,0.0,46,69,0.5,1-100,41-80,"('Jaeger, Stephan', '20244')",Farmers Insurance Open,2024-01-27,1
"Johnson, Dustin",2020-08-30,202028,BMW Championship,0.0,501,141,0.1,101-200,121-160,"('Johnson, Dustin', '202028')",World Golf Championships-HSBC Champions,2017-10-29,6
"Johnson, Dustin",2020-08-09,202033,PGA Championship,0.0,501,141,0.1,101-200,121-160,"('Johnson, Dustin', '202033')",World Golf Championships-HSBC Champions,2017-10-29,6
"Johnson, Dustin",2019-04-21,201912,RBC Heritage,0.0,501,141,0.1,101-200,121-160,"('Johnson, Dustin', '201912')",World Golf Championships-HSBC Champions,2017-10-29,6
"Johnson, Dustin",2018-06-17,201826,U.S. Open,0.0,501,141,0.1,101-200,121-160,"('Johnson, Dustin', '201826')",World Golf Championships-HSBC Champions,2017-10-29,6
"Johnson, Dustin",2018-02-11,20185,AT&T Pebble Beach Pro-Am,0.0,501,141,0.1,101-200,121-160,"('Johnson, Dustin', '20185')",World Golf Championships-HSBC Champions,2017-10-29,6
"Johnson, Dustin",2017-10-29,2018489,World Golf Championships-HSBC Champions,0.0,501,141,0.1,101-200,121-160,"('Johnson, Dustin', '2018489')",World Golf Championships-HSBC Champions,2017-10-29,6
"Johnson, Zach",2018-04-22,201841,Valero Texas Open,0.0,311,162,-0.03,101-200,161-200,"('Johnson, Zach', '201841')",World Golf Championships-Bridgestone Invitational,2017-08-06,2
"Johnson, Zach",2017-08-06,2017476,World Golf Championships-Bridgestone Invitational,0.0,311,162,-0.03,101-200,161-200,"('Johnson, Zach', '2017476')",World Golf Championships-Bridgestone Invitational,2017-08-06,2
"Kaymer, Martin",2019-06-02,201923,the Memorial Tournament presented by Nationwide,0.0,501,442,-0.95,401-500,441-500,"('Kaymer, Martin', '201923')",the Memorial Tournament presented by Nationwide,2019-06-02,1
"Kim, Si Woo",2023-06-04,202323,the Memorial Tournament presented by Workday,0.0,67,33,0.82,1-100,1-40,"('Kim, Si Woo', '202323')",the Memorial Tournament presented by Workday,2023-06-04,3
"Kim, Si Woo",2020-08-16,202013,Wyndham Championship,0.0,67,33,0.82,1-100,1-40,"('Kim, Si Woo', '202013')",the Memorial Tournament presented by Workday,2023-06-04,3
"Kim, Si Woo",2019-04-07,201941,Valero Texas Open,0.0,67,33,0.82,1-100,1-40,"('Kim, Si Woo', '201941')",the Memorial Tournament presented by Workday,2023-06-04,3
"Kim, Tom",2024-06-23,202434,Travelers Championship,0.0,23,21,1.1,1-100,1-40,"('Kim, Tom', '202434')",Travelers Championship,2024-06-23,1
"Koepka, Brooks",2023-04-09,202314,Masters Tournament,0.0,134,44,0.71,1-100,41-80,"('Koepka, Brooks', '202314')",Masters Tournament,2023-04-09,1
"Kohles, Ben",2024-03-10,2024483,Puerto Rico Open,0.0,133,194,-0.19,101-200,161-200,"('Kohles, Ben', '2024483')",Puerto Rico Open,2024-03-10,1
"Kraft, Kelly",2018-07-08,2018490,A Military Tribute at The Greenbrier,0.0,385,324,-0.63,301-400,321-360,"('Kraft, Kelly', '2018490')",A Military Tribute at The Greenbrier,2018-07-08,1
"Kuchar, Matt",2023-11-05,2023547,World Wide Technology Championship #2,0.0,129,67,0.5,1-100,41-80,"('Kuchar, Matt', '2023547')",World Wide Technology Championship #2,2023-11-05,3
"Kuchar, Matt",2020-02-16,20207,The Genesis Invitational,0.0,129,67,0.5,1-100,41-80,"('Kuchar, Matt', '20207')",World Wide Technology Championship #2,2023-11-05,3
"Kuchar, Matt",2019-06-09,201932,RBC Canadian Open,0.0,129,67,0.5,1-100,41-80,"('Kuchar, Matt', '201932')",World Wide Technology Championship #2,2023-11-05,3
"Lahiri, Anirban",2022-03-13,202211,THE PLAYERS Championship,0.0,501,155,0.02,101-200,121-160,"('Lahiri, Anirban', '202211')",THE PLAYERS Championship,2022-03-13,1
"Leishman, Marc",2018-05-20,201819,AT&T Byron Nelson,0.0,423,70,0.5,1-100,41-80,"('Leishman, Marc', '201819')",Dell Technologies Championship,2017-09-04,2
"Leishman, Marc",2017-09-04,2017505,Dell Technologies Championship,0.0,423,70,0.5,1-100,41-80,"('Leishman, Marc', '2017505')",Dell Technologies Championship,2017-09-04,2
"Lipsky, David",2023-06-04,202323,the Memorial Tournament presented by Workday,0.0,157,219,-0.29,201-300,201-240,"('Lipsky, David', '202323')",the Memorial Tournament presented by Workday,2023-06-04,1
"List, Luke",2018-02-25,201810,The Honda Classic,0.0,139,233,-0.35,201-300,201-240,"('List, Luke', '201810')",The Honda Classic,2018-02-25,1
"Lower, Justin",2024-11-10,2024457,World Wide Technology Championship,0.0,79,76,0.46,1-100,41-80,"('Lower, Justin', '2024457')",World Wide Technology Championship,2024-11-10,2
"Lower, Justin",2022-09-18,2023464,Fortinet Championship,0.0,79,76,0.46,1-100,41-80,"('Lower, Justin', '2023464')",World Wide Technology Championship,2024-11-10,2
"Lowry, Shane",2024-03-10,20249,Arnold Palmer Invitational presented by Mastercard,0.0,18,15,1.35,1-100,1-40,"('Lowry, Shane', '20249')",Cognizant Classic in The Palm Beaches,2024-03-03,2
"Lowry, Shane",2024-03-03,202410,Cognizant Classic in The Palm Beaches,0.0,18,15,1.35,1-100,1-40,"('Lowry, Shane', '202410')",Cognizant Classic in The Palm Beaches,2024-03-03,2
"Martin, Ben",2022-11-20,2023493,The RSM Classic,0.0,312,225,-0.31,201-300,201-240,"('Martin, Ben', '2023493')",The RSM Classic,2022-11-20,2
"Martin, Ben",2022-03-27,2022522,Corales Puntacana Championship,0.0,312,225,-0.31,201-300,201-240,"('Martin, Ben', '2022522')",The RSM Classic,2022-11-20,2
"Matsuyama, Hideki",2020-08-30,202028,BMW Championship,0.0,5,7,1.61,1-100,1-40,"('Matsuyama, Hideki', '202028')",BMW Championship,2020-08-30,1
"McIlroy, Rory",2023-06-04,202323,the Memorial Tournament presented by Workday,0.0,3,2,2.17,1-100,1-40,"('McIlroy, Rory', '202323')",The Open Championship,2022-07-17,4
"McIlroy, Rory",2022-07-17,2022100,The Open Championship,0.0,3,2,2.17,1-100,1-40,"('McIlroy, Rory', '2022100')",The Open Championship,2022-07-17,4
"McIlroy, Rory",2020-02-16,20207,The Genesis Invitational,0.0,3,2,2.17,1-100,1-40,"('McIlroy, Rory', '20207')",The Open Championship,2022-07-17,4
"McIlroy, Rory",2019-07-28,2019476,World Golf Championships-FedEx St. Jude Invitational,0.0,3,2,2.17,1-100,1-40,"('McIlroy, Rory', '2019476')",The Open Championship,2022-07-17,4
"McNealy, Maverick",2021-09-19,2022464,Fortinet Championship,0.0,27,37,0.8,1-100,1-40,"('McNealy, Maverick', '2022464')",Fortinet Championship,2021-09-19,2
"McNealy, Maverick",2020-08-02,2020472,Barracuda Championship,0.0,27,37,0.8,1-100,1-40,"('McNealy, Maverick', '2020472')",Fortinet Championship,2021-09-19,2
"Meissner, Mac",2024-07-21,2024472,Barracuda Championship,0.0,147,87,0.39,1-100,81-120,"('Meissner, Mac', '2024472')",Barracuda Championship,2024-07-21,1
"Merritt, Troy",2021-07-04,2021524,Rocket Mortgage Classic,0.0,351,472,-1.04,401-500,441-500,"('Merritt, Troy', '2021524')",Rocket Mortgage Classic,2021-07-04,2
"Merritt, Troy",2020-08-02,2020472,Barracuda Championship,0.0,351,472,-1.04,401-500,441-500,"('Merritt, Troy', '2020472')",Rocket Mortgage Classic,2021-07-04,2
"Mitchell, Keith",2024-10-06,202454,Sanderson Farms Championship,0.0,101,86,0.4,1-100,81-120,"('Mitchell, Keith', '202454')",Valspar Championship,2024-03-24,3
"Mitchell, Keith",2024-03-24,2024475,Valspar Championship,0.0,101,86,0.4,1-100,81-120,"('Mitchell, Keith', '2024475')",Valspar Championship,2024-03-24,3
"Mitchell, Keith",2021-05-09,2021480,Wells Fargo Championship,0.0,101,86,0.4,1-100,81-120,"('Mitchell, Keith', '2021480')",Valspar Championship,2024-03-24,3
"Molinari, Francesco",2019-04-14,201914,The Masters,0.0,501,360,-0.75,301-400,321-360,"('Molinari, Francesco', '201914')",The Masters,2019-04-14,1
"Morikawa, Collin",2024-09-01,202460,TOUR Championship,0.0,4,4,1.86,1-100,1-40,"('Morikawa, Collin', '202460')",Hero World Challenge,2021-12-05,6
"Morikawa, Collin",2024-05-19,202433,PGA Championship,0.0,4,4,1.86,1-100,1-40,"('Morikawa, Collin', '202433')",Hero World Challenge,2021-12-05,6
"Morikawa, Collin",2023-08-27,202360,TOUR Championship,0.0,4,4,1.86,1-100,1-40,"('Morikawa, Collin', '202360')",Hero World Challenge,2021-12-05,6
"Morikawa, Collin",2023-01-08,202316,Sentry Tournament of Champions,0.0,4,4,1.86,1-100,1-40,"('Morikawa, Collin', '202316')",Hero World Challenge,2021-12-05,6
"Morikawa, Collin",2021-12-05,2022478,Hero World Challenge,0.0,4,4,1.86,1-100,1-40,"('Morikawa, Collin', '2022478')",Hero World Challenge,2021-12-05,6
"Morikawa, Collin",2019-07-07,2019525,3M Open,0.0,4,4,1.86,1-100,1-40,"('Morikawa, Collin', '2019525')",Hero World Challenge,2021-12-05,6
"Munoz, Sebastian",2022-05-15,202219,AT&T Byron Nelson,0.0,501,90,0.38,1-100,81-120,"('Munoz, Sebastian', '202219')",The Greenbrier Classic,2017-07-09,3
"Munoz, Sebastian",2021-07-11,202130,John Deere Classic,0.0,501,90,0.38,1-100,81-120,"('Munoz, Sebastian', '202130')",The Greenbrier Classic,2017-07-09,3
"Munoz, Sebastian",2017-07-09,2017490,The Greenbrier Classic,0.0,501,90,0.38,1-100,81-120,"('Munoz, Sebastian', '2017490')",The Greenbrier Classic,2017-07-09,3
"Niemann, Joaquin",2021-07-04,2021524,Rocket Mortgage Classic,0.0,68,14,1.37,1-100,1-40,"('Niemann, Joaquin', '2021524')",Rocket Mortgage Classic,2021-07-04,1
"Noren, Alex",2023-11-12,2023548,Butterfield Bermuda Championship #2,0.0,59,30,0.95,1-100,1-40,"('Noren, Alex', '2023548')",Butterfield Bermuda Championship #2,2023-11-12,2
"Noren, Alex",2018-01-28,20184,Farmers Insurance Open,0.0,59,30,0.95,1-100,1-40,"('Noren, Alex', '20184')",Butterfield Bermuda Championship #2,2023-11-12,2
"Novak, Andrew",2024-11-17,2024528,Butterfield Bermuda Championship,0.0,75,66,0.51,1-100,41-80,"('Novak, Andrew', '2024528')",Butterfield Bermuda Championship,2024-11-17,1
"Oosthuizen, Louis",2021-07-18,2021100,The Open Championship,0.0,228,54,0.63,1-100,41-80,"('Oosthuizen, Louis', '2021100')",U.S. Open #2,2021-06-20,2
"Oosthuizen, Louis",2021-06-20,2021535,U.S. Open #2,0.0,228,54,0.63,1-100,41-80,"('Oosthuizen, Louis', '2021535')",U.S. Open #2,2021-06-20,2
"Ortiz, Carlos",2021-01-31,20214,Farmers Insurance Open,0.0,364,124,0.21,101-200,121-160,"('Ortiz, Carlos', '20214')",Farmers Insurance Open,2021-01-31,1
"Palmer, Ryan",2023-05-14,202319,AT&T Byron Nelson,0.0,449,488,-1.1,401-500,441-500,"('Palmer, Ryan', '202319')",AT&T Byron Nelson,2023-05-14,3
"Palmer, Ryan",2021-01-10,202116,Sentry Tournament of Champions,0.0,449,488,-1.1,401-500,441-500,"('Palmer, Ryan', '202116')",AT&T Byron Nelson,2023-05-14,3
"Palmer, Ryan",2020-06-21,202012,RBC Heritage,0.0,449,488,-1.1,401-500,441-500,"('Palmer, Ryan', '202012')",AT&T Byron Nelson,2023-05-14,3
"Pan, C.T.",2023-06-11,202332,RBC Canadian Open,0.0,116,100,0.32,1-100,81-120,"('Pan, C.T.', '202332')",RBC Canadian Open,2023-06-11,1
"Pendrith, Taylor",2022-07-31,2022524,Rocket Mortgage Classic,0.0,38,18,1.19,1-100,1-40,"('Pendrith, Taylor', '2022524')",Butterfield Bermuda Championship,2021-10-31,2
"Pendrith, Taylor",2021-10-31,2022528,Butterfield Bermuda Championship,0.0,38,18,1.19,1-100,1-40,"('Pendrith, Taylor', '2022528')",Butterfield Bermuda Championship,2021-10-31,2
"Pereira, Mito",2022-05-22,202233,PGA Championship,0.0,501,295,-0.52,201-300,281-320,"('Pereira, Mito', '202233')",PGA Championship,2022-05-22,1
"Piercy, Scott",2022-07-24,2022525,3M Open,0.0,501,485,-1.09,401-500,441-500,"('Piercy, Scott', '2022525')",3M Open,2022-07-24,1
"Pieters, Thomas",2017-08-06,2017476,World Golf Championships-Bridgestone Invitational,0.0,381,190,-0.17,101-200,161-200,"('Pieters, Thomas', '2017476')",World Golf Championships-Bridgestone Invitational,2017-08-06,1
"Poston, J.T.",2021-07-18,2021518,Barbasol Championship,0.0,42,40,0.77,1-100,1-40,"('Poston, J.T.', '2021518')",Barbasol Championship,2021-07-18,2
"Poston, J.T.",2020-10-04,202154,Sanderson Farms Championship,0.0,42,40,0.77,1-100,1-40,"('Poston, J.T.', '202154')",Barbasol Championship,2021-07-18,2
"Poulter, Ian",2018-04-15,201812,RBC Heritage,0.0,501,384,-0.81,301-400,361-400,"('Poulter, Ian', '201812')",RBC Heritage,2018-04-15,1
"Putnam, Andrew",2022-02-06,20225,AT&T Pebble Beach Pro-Am,0.0,149,80,0.44,1-100,41-80,"('Putnam, Andrew', '20225')",Barracuda Championship,2021-08-08,3
"Putnam, Andrew",2021-08-08,2021472,Barracuda Championship,0.0,149,80,0.44,1-100,41-80,"('Putnam, Andrew', '2021472')",Barracuda Championship,2021-08-08,3
"Putnam, Andrew",2018-06-10,201825,FedEx St. Jude Classic,0.0,149,80,0.44,1-100,41-80,"('Putnam, Andrew', '201825')",Barracuda Championship,2021-08-08,3
"Rahm, Jon",2024-08-04,2024519,Olympic Men's Golf Competition,0.0,43,5,1.86,1-100,1-40,"('Rahm, Jon', '2024519')",Olympic Men's Golf Competition,2024-08-04,6
"Rahm, Jon",2022-01-09,202216,Sentry Tournament of Champions,0.0,43,5,1.86,1-100,1-40,"('Rahm, Jon', '202216')",Olympic Men's Golf Competition,2024-08-04,6
"Rahm, Jon",2021-09-05,202160,TOUR Championship,0.0,43,5,1.86,1-100,1-40,"('Rahm, Jon', '202160')",Olympic Men's Golf Competition,2024-08-04,6
"Rahm, Jon",2021-08-22,202127,THE NORTHERN TRUST,0.0,43,5,1.86,1-100,1-40,"('Rahm, Jon', '202127')",Olympic Men's Golf Competition,2024-08-04,6
"Rahm, Jon",2020-01-26,20204,Farmers Insurance Open,0.0,43,5,1.86,1-100,1-40,"('Rahm, Jon', '20204')",Olympic Men's Golf Competition,2024-08-04,6
"Rahm, Jon",2019-03-17,201911,THE PLAYERS Championship,0.0,43,5,1.86,1-100,1-40,"('Rahm, Jon', '201911')",Olympic Men's Golf Competition,2024-08-04,6
"Rai, Aaron",2024-06-30,2024524,Rocket Mortgage Classic,0.0,25,36,0.8,1-100,1-40,"('Rai, Aaron', '2024524')",Rocket Mortgage Classic,2024-06-30,1
"Redman, Doc",2020-11-01,2021528,Bermuda Championship,0.0,390,254,-0.4,201-300,241-280,"('Redman, Doc', '2021528')",Bermuda Championship,2020-11-01,1
"Reed, Patrick",2017-05-07,2017480,Wells Fargo Championship,0.0,114,51,0.66,1-100,41-80,"('Reed, Patrick', '2017480')",Wells Fargo Championship,2017-05-07,1
"Riedel, Matthew",2024-12-15,202488,PGA TOUR Q-School presented by Korn Ferry,0.0,501,363,-0.76,301-400,361-400,"('Riedel, Matthew', '202488')",PGA TOUR Q-School presented by Korn Ferry,2024-12-15,1
"Rodgers, Patrick",2023-04-02,202341,Valero Texas Open,0.0,100,83,0.43,1-100,81-120,"('Rodgers, Patrick', '202341')",The RSM Classic,2022-11-20,4
"Rodgers, Patrick",2022-11-20,2023493,The RSM Classic,0.0,100,83,0.43,1-100,81-120,"('Rodgers, Patrick', '2023493')",The RSM Classic,2022-11-20,4
"Rodgers, Patrick",2017-07-16,201730,John Deere Classic,0.0,100,83,0.43,1-100,81-120,"('Rodgers, Patrick', '201730')",The RSM Classic,2022-11-20,4
"Rodgers, Patrick",2017-01-29,20174,Farmers Insurance Open,0.0,100,83,0.43,1-100,81-120,"('Rodgers, Patrick', '20174')",The RSM Classic,2022-11-20,4
"Rose, Justin",2018-09-09,201828,BMW Championship,0.0,33,114,0.25,101-200,81-120,"('Rose, Justin', '201828')",BMW Championship,2018-09-09,2
"Rose, Justin",2017-04-09,201714,Masters Tournament,0.0,33,114,0.25,101-200,81-120,"('Rose, Justin', '201714')",BMW Championship,2018-09-09,2
"Ryder, Sam",2023-01-28,20234,Farmers Insurance Open,0.0,191,157,0.02,101-200,121-160,"('Ryder, Sam', '20234')",Farmers Insurance Open,2023-01-28,1
"Schauffele, Xander",2024-08-04,2024519,Olympic Men's Golf Competition,0.0,2,3,2.04,1-100,1-40,"('Schauffele, Xander', '2024519')",Olympic Men's Golf Competition,2024-08-04,9
"Schauffele, Xander",2024-05-12,2024480,Wells Fargo Championship,0.0,2,3,2.04,1-100,1-40,"('Schauffele, Xander', '2024480')",Olympic Men's Golf Competition,2024-08-04,9
"Schauffele, Xander",2024-03-17,202411,THE PLAYERS Championship,0.0,2,3,2.04,1-100,1-40,"('Schauffele, Xander', '202411')",Olympic Men's Golf Competition,2024-08-04,9
"Schauffele, Xander",2021-02-07,20213,Waste Management Phoenix Open,0.0,2,3,2.04,1-100,1-40,"('Schauffele, Xander', '20213')",Olympic Men's Golf Competition,2024-08-04,9
"Schauffele, Xander",2020-09-07,202060,TOUR Championship,0.0,2,3,2.04,1-100,1-40,"('Schauffele, Xander', '202060')",Olympic Men's Golf Competition,2024-08-04,9
"Schauffele, Xander",2020-06-14,202021,Charles Schwab Challenge,0.0,2,3,2.04,1-100,1-40,"('Schauffele, Xander', '202021')",Olympic Men's Golf Competition,2024-08-04,9
"Schauffele, Xander",2020-01-05,202016,Sentry Tournament of Champions,0.0,2,3,2.04,1-100,1-40,"('Schauffele, Xander', '202016')",Olympic Men's Golf Competition,2024-08-04,9
"Schauffele, Xander",2019-08-25,201960,TOUR Championship,0.0,2,3,2.04,1-100,1-40,"('Schauffele, Xander', '201960')",Olympic Men's Golf Competition,2024-08-04,9
"Schauffele, Xander",2018-07-22,2018100,The Open Championship,0.0,2,3,2.04,1-100,1-40,"('Schauffele, Xander', '2018100')",Olympic Men's Golf Competition,2024-08-04,9
"Scheffler, Scottie",2024-03-31,202420,Texas Children's Houston Open,0.0,1,1,2.89,1-100,1-40,"('Scheffler, Scottie', '202420')",Texas Children's Houston Open,2024-03-31,6
"Scheffler, Scottie",2023-08-20,202328,BMW Championship,0.0,1,1,2.89,1-100,1-40,"('Scheffler, Scottie', '202328')",Texas Children's Houston Open,2024-03-31,6
"Scheffler, Scottie",2022-08-28,202260,TOUR Championship,0.0,1,1,2.89,1-100,1-40,"('Scheffler, Scottie', '202260')",Texas Children's Houston Open,2024-03-31,6
"Scheffler, Scottie",2022-05-29,202221,Charles Schwab Challenge,0.0,1,1,2.89,1-100,1-40,"('Scheffler, Scottie', '202221')",Texas Children's Houston Open,2024-03-31,6
"Scheffler, Scottie",2021-11-14,202220,Hewlett Packard Enterprise Houston Open,0.0,1,1,2.89,1-100,1-40,"('Scheffler, Scottie', '202220')",Texas Children's Houston Open,2024-03-31,6
"Scheffler, Scottie",2020-01-19,20202,The American Express,0.0,1,1,2.89,1-100,1-40,"('Scheffler, Scottie', '20202')",Texas Children's Houston Open,2024-03-31,6
"Schenk, Adam",2023-05-28,202321,Charles Schwab Challenge,0.0,108,203,-0.23,201-300,201-240,"('Schenk, Adam', '202321')",Valspar Championship,2023-03-19,3
"Schenk, Adam",2023-03-19,2023475,Valspar Championship,0.0,108,203,-0.23,201-300,201-240,"('Schenk, Adam', '2023475')",Valspar Championship,2023-03-19,3
"Schenk, Adam",2021-10-10,202247,Shriners Children's Open,0.0,108,203,-0.23,201-300,201-240,"('Schenk, Adam', '202247')",Valspar Championship,2023-03-19,3
"Sharma, Shubhankar",2018-10-14,2019494,CIMB Classic,0.0,241,388,-0.82,301-400,361-400,"('Sharma, Shubhankar', '2019494')",CIMB Classic,2018-10-14,2
"Sharma, Shubhankar",2018-03-04,2018473,World Golf Championships-Mexico Championship,0.0,241,388,-0.82,301-400,361-400,"('Sharma, Shubhankar', '2018473')",CIMB Classic,2018-10-14,2
"Simpson, Webb",2019-06-09,201932,RBC Canadian Open,0.0,333,177,-0.11,101-200,161-200,"('Simpson, Webb', '201932')",RBC Canadian Open,2019-06-09,2
"Simpson, Webb",2017-05-28,201721,DEAN & DELUCA Invitational,0.0,333,177,-0.11,101-200,161-200,"('Simpson, Webb', '201721')",RBC Canadian Open,2019-06-09,2
"Skinns, David",2024-03-31,202420,Texas Children's Houston Open,0.0,240,441,-0.95,401-500,441-500,"('Skinns, David', '202420')",Texas Children's Houston Open,2024-03-31,2
"Skinns, David",2024-03-03,202410,Cognizant Classic in The Palm Beaches,0.0,240,441,-0.95,401-500,441-500,"('Skinns, David', '202410')",Texas Children's Houston Open,2024-03-31,2
"Smith, Cameron",2021-08-22,202127,THE NORTHERN TRUST,0.0,91,57,0.61,1-100,41-80,"('Smith, Cameron', '202127')",THE NORTHERN TRUST,2021-08-22,1
"Snedeker, Brandt",2022-04-03,202241,Valero Texas Open,0.0,421,314,-0.6,301-400,281-320,"('Snedeker, Brandt', '202241')",Safeway Open,2018-10-07,3
"Snedeker, Brandt",2018-10-07,2019464,Safeway Open,0.0,421,314,-0.6,301-400,281-320,"('Snedeker, Brandt', '2019464')",Safeway Open,2018-10-07,3
"Snedeker, Brandt",2017-01-29,20174,Farmers Insurance Open,0.0,421,314,-0.6,301-400,281-320,"('Snedeker, Brandt', '20174')",Safeway Open,2018-10-07,3
"Spaun, J.J.",2025-01-12,20256,Sony Open in Hawaii,0.0,76,35,0.81,1-100,1-40,"('Spaun, J.J.', '20256')",FedEx St. Jude Championship,2022-08-14,3
"Spaun, J.J.",2022-08-14,202227,FedEx St. Jude Championship,0.0,76,35,0.81,1-100,1-40,"('Spaun, J.J.', '202227')",FedEx St. Jude Championship,2022-08-14,3
"Spaun, J.J.",2017-11-05,201847,Shriners Hospitals for Children Open,0.0,76,35,0.81,1-100,1-40,"('Spaun, J.J.', '201847')",FedEx St. Jude Championship,2022-08-14,3
"Spieth, Jordan",2021-05-30,202121,Charles Schwab Challenge,0.0,84,130,0.17,101-200,121-160,"('Spieth, Jordan', '202121')",The Open Championship,2018-07-22,5
"Spieth, Jordan",2021-02-14,20215,AT&T Pebble Beach Pro-Am,0.0,84,130,0.17,101-200,121-160,"('Spieth, Jordan', '20215')",The Open Championship,2018-07-22,5
"Spieth, Jordan",2021-02-07,20213,Waste Management Phoenix Open,0.0,84,130,0.17,101-200,121-160,"('Spieth, Jordan', '20213')",The Open Championship,2018-07-22,5
"Spieth, Jordan",2018-07-22,2018100,The Open Championship,0.0,84,130,0.17,101-200,121-160,"('Spieth, Jordan', '2018100')",The Open Championship,2018-07-22,5
"Spieth, Jordan",2017-08-27,201727,THE NORTHERN TRUST,0.0,84,130,0.17,101-200,121-160,"('Spieth, Jordan', '201727')",The Open Championship,2018-07-22,5
"Steele, Brendan",2021-01-17,20216,Sony Open in Hawaii,0.0,501,235,-0.35,201-300,201-240,"('Steele, Brendan', '20216')",Sony Open in Hawaii,2021-01-17,2
"Steele, Brendan",2020-01-12,20206,Sony Open in Hawaii,0.0,501,235,-0.35,201-300,201-240,"('Steele, Brendan', '20206')",Sony Open in Hawaii,2021-01-17,2
"Stenson, Henrik",2018-12-02,2019478,Hero World Challenge,0.0,501,245,-0.39,201-300,241-280,"('Stenson, Henrik', '2019478')",Hero World Challenge,2018-12-02,2
"Stenson, Henrik",2018-03-18,20189,Arnold Palmer Invitational presented by Mastercard,0.0,501,245,-0.39,201-300,241-280,"('Stenson, Henrik', '20189')",Hero World Challenge,2018-12-02,2
"Straka, Sepp",2025-02-02,20255,AT&T Pebble Beach Pro-Am,0.0,16,19,1.15,1-100,1-40,"('Straka, Sepp', '20255')",AT&T Pebble Beach Pro-Am,2025-02-02,1
"Suh, Justin",2023-10-22,2023546,ZOZO CHAMPIONSHIP #2,0.0,267,213,-0.27,201-300,201-240,"('Suh, Justin', '2023546')",ZOZO CHAMPIONSHIP #2,2023-10-22,1
"Summerhays, Daniel",2017-06-04,201723,the Memorial Tournament presented by Nationwide,0.0,356,272,-0.47,201-300,241-280,"('Summerhays, Daniel', '201723')",the Memorial Tournament presented by Nationwide,2017-06-04,1
"Theegala, Sahith",2024-02-11,20243,WM Phoenix Open,0.0,19,48,0.68,1-100,41-80,"('Theegala, Sahith', '20243')",Sanderson Farms Championship,2021-10-03,3
"Theegala, Sahith",2022-02-13,20223,WM Phoenix Open,0.0,19,48,0.68,1-100,41-80,"('Theegala, Sahith', '20223')",Sanderson Farms Championship,2021-10-03,3
"Theegala, Sahith",2021-10-03,202254,Sanderson Farms Championship,0.0,19,48,0.68,1-100,41-80,"('Theegala, Sahith', '202254')",Sanderson Farms Championship,2021-10-03,3
"Thomas, Justin",2024-12-08,2024478,Hero World Challenge,0.0,15,8,1.5,1-100,1-40,"('Thomas, Justin', '2024478')",Hero World Challenge,2024-12-08,6
"Thomas, Justin",2020-10-25,2021527,ZOZO CHAMPIONSHIP @ SHERWOOD,0.0,15,8,1.5,1-100,1-40,"('Thomas, Justin', '2021527')",Hero World Challenge,2024-12-08,6
"Thomas, Justin",2020-07-12,2020533,Workday Charity Open,0.0,15,8,1.5,1-100,1-40,"('Thomas, Justin', '2020533')",Hero World Challenge,2024-12-08,6
"Thomas, Justin",2020-02-23,2020473,World Golf Championships-Mexico Championship,0.0,15,8,1.5,1-100,1-40,"('Thomas, Justin', '2020473')",Hero World Challenge,2024-12-08,6
"Thomas, Justin",2019-02-17,20197,Genesis Open,0.0,15,8,1.5,1-100,1-40,"('Thomas, Justin', '20197')",Hero World Challenge,2024-12-08,6
"Thomas, Justin",2017-03-05,2017473,World Golf Championships-Mexico Championship,0.0,15,8,1.5,1-100,1-40,"('Thomas, Justin', '2017473')",Hero World Challenge,2024-12-08,6
"Thompson, Davis",2023-01-22,20232,The American Express,0.0,49,45,0.69,1-100,41-80,"('Thompson, Davis', '20232')",The American Express,2023-01-22,1
"Todd, Brendon",2023-07-09,202330,John Deere Classic,0.0,126,301,-0.54,301-400,281-320,"('Todd, Brendon', '202330')",The RSM Classic,2019-11-24,4
"Todd, Brendon",2020-08-02,2020476,World Golf Championships-FedEx St. Jude Invitational,0.0,126,301,-0.54,301-400,281-320,"('Todd, Brendon', '2020476')",The RSM Classic,2019-11-24,4
"Todd, Brendon",2020-06-28,202034,Travelers Championship,0.0,126,301,-0.54,301-400,281-320,"('Todd, Brendon', '202034')",The RSM Classic,2019-11-24,4
"Todd, Brendon",2019-11-24,2020493,The RSM Classic,0.0,126,301,-0.54,301-400,281-320,"('Todd, Brendon', '2020493')",The RSM Classic,2019-11-24,4
"Tosti, Alejandro",2024-03-31,202420,Texas Children's Houston Open,0.0,198,306,-0.57,301-400,281-320,"('Tosti, Alejandro', '202420')",Texas Children's Houston Open,2024-03-31,1
"Tringale, Cameron",2021-07-25,2021525,3M Open,0.0,501,97,0.32,1-100,81-120,"('Tringale, Cameron', '2021525')",3M Open,2021-07-25,2
"Tringale, Cameron",2019-07-14,201930,John Deere Classic,0.0,501,97,0.32,1-100,81-120,"('Tringale, Cameron', '201930')",3M Open,2021-07-25,2
"Tway, Kevin",2018-07-29,201832,RBC Canadian Open,0.0,278,242,-0.38,201-300,241-280,"('Tway, Kevin', '201832')",RBC Canadian Open,2018-07-29,1
"Uihlein, Peter",2018-11-04,201947,Shriners Hospitals for Children Open,0.0,140,127,0.18,101-200,121-160,"('Uihlein, Peter', '201947')",Shriners Hospitals for Children Open,2018-11-04,1
"Varner III, Harold",2022-04-17,202212,RBC Heritage,0.0,501,311,-0.59,301-400,281-320,"('Varner III, Harold', '202212')",A Military Tribute at The Greenbrier,2018-07-08,2
"Varner III, Harold",2018-07-08,2018490,A Military Tribute at The Greenbrier,0.0,501,311,-0.59,301-400,281-320,"('Varner III, Harold', '2018490')",A Military Tribute at The Greenbrier,2018-07-08,2
"Wallace, Matt",2021-04-04,202141,Valero Texas Open,0.0,70,82,0.43,1-100,81-120,"('Wallace, Matt', '202141')",Valero Texas Open,2021-04-04,1
"Watson, Bubba",2021-06-27,202134,Travelers Championship,0.0,501,431,-0.92,401-500,400-440,"('Watson, Bubba', '202134')",Travelers Championship,2021-06-27,1
"Werenski, Richy",2020-07-26,2020525,3M Open,0.0,461,424,-0.91,401-500,400-440,"('Werenski, Richy', '2020525')",3M Open,2020-07-26,1
"Westwood, Lee",2021-03-14,202111,THE PLAYERS Championship,0.0,501,494,-1.11,401-500,441-500,"('Westwood, Lee', '202111')",THE PLAYERS Championship,2021-03-14,2
"Westwood, Lee",2021-03-07,20219,Arnold Palmer Invitational presented by Mastercard,0.0,501,494,-1.11,401-500,441-500,"('Westwood, Lee', '20219')",THE PLAYERS Championship,2021-03-14,2
"Whaley, Vince",2024-11-24,2024493,The RSM Classic,0.0,115,123,0.22,101-200,121-160,"('Whaley, Vince', '2024493')",The RSM Classic,2024-11-24,1
"Wolff, Matthew",2020-09-20,202126,U.S. Open,0.0,501,230,-0.33,201-300,201-240,"('Wolff, Matthew', '202126')",Rocket Mortgage Classic,2020-07-05,2
"Wolff, Matthew",2020-07-05,2020524,Rocket Mortgage Classic,0.0,501,230,-0.33,201-300,201-240,"('Wolff, Matthew', '2020524')",Rocket Mortgage Classic,2020-07-05,2
"Woodland, Gary",2019-12-07,2020478,Hero World Challenge,0.0,182,93,0.36,1-100,81-120,"('Woodland, Gary', '2020478')",Hero World Challenge,2019-12-07,3
"Woodland, Gary",2019-01-06,201916,Sentry Tournament of Champions,0.0,182,93,0.36,1-100,81-120,"('Woodland, Gary', '201916')",Hero World Challenge,2019-12-07,3
"Woodland, Gary",2018-10-14,2019494,CIMB Classic,0.0,182,93,0.36,1-100,81-120,"('Woodland, Gary', '2019494')",Hero World Challenge,2019-12-07,3
"Young, Carson",2024-11-10,2024457,World Wide Technology Championship,0.0,148,150,0.03,101-200,121-160,"('Young, Carson', '2024457')",World Wide Technology Championship,2024-11-10,1
"Zalatoris, Will",2022-06-19,202226,U.S. Open,0.0,63,52,0.65,1-100,41-80,"('Zalatoris, Will', '202226')",U.S. Open,2022-06-19,2
"Zalatoris, Will",2022-01-29,20224,Farmers Insurance Open,0.0,63,52,0.65,1-100,41-80,"('Zalatoris, Will', '20224')",U.S. Open,2022-06-19,2
